cid,cmpdname,cmpdsynonym,mw,mf,polararea,complexity,xlogp,heavycnt,hbonddonor,hbondacc,rotbonds,inchikey,iupacname,meshheadings,annothits,annothitcnt,aids,cidcdate,dois
2060,CID 2060,"AC1L1CTR|SCHEMBL4309770|CTK6F8581|ethyl 4-[[2-[(4-fluorophenyl)methyl]-6-methyl-5-[(5-methyl-1,2-oxazole-3-carbonyl)amino]-4-oxoheptanoyl]amino]-5-(2-oxopyrrolidin-3-yl)pentanoate",600.700,C31H41FN4O7,157.000,972.000,NULL,43,3,9,17,LMIUALQNZXJHOG-UHFFFAOYSA-N,"ethyl 4-[[2-[(4-fluorophenyl)methyl]-6-methyl-5-[(5-methyl-1,2-oxazole-3-carbonyl)amino]-4-oxoheptanoyl]amino]-5-(2-oxopyrrolidin-3-yl)pentanoate",NULL,1040,2,NULL,20050325,NULL
492943,"Ethyl (4S)-7-amino-4-[[(2S)-3-(4-fluorophenyl)-2-[(2S)-3-methyl-2-[(5-methyl-1,2-oxazole-3-carbonyl)amino]butanoyl]oxypropanoyl]amino]-7-oxohept-2-enoate",NULL,574.600,C28H35FN4O8,180.000,938.000,NULL,41,3,10,17,YJFMXXPPIPGSGB-XTJBDQBJSA-N,"ethyl (4S)-7-amino-4-[[(2S)-3-(4-fluorophenyl)-2-[(2S)-3-methyl-2-[(5-methyl-1,2-oxazole-3-carbonyl)amino]butanoyl]oxypropanoyl]amino]-7-oxohept-2-enoate",NULL,1040,2,NULL,20050801,NULL
492944,"Ethyl (4S)-7-amino-4-[[(2S)-3-(4-fluorophenyl)-2-[[(2S)-3-methyl-2-[(5-methyl-1,2-oxazole-3-carbonyl)amino]butanoyl]amino]propanoyl]amino]-7-oxohept-2-enoate",NULL,573.600,C28H36FN5O7,183.000,939.000,NULL,41,4,9,16,UFMNDOUAXQOQTP-WATLYSKOSA-N,"ethyl (4S)-7-amino-4-[[(2S)-3-(4-fluorophenyl)-2-[[(2S)-3-methyl-2-[(5-methyl-1,2-oxazole-3-carbonyl)amino]butanoyl]amino]propanoyl]amino]-7-oxohept-2-enoate",NULL,1040,2,NULL,20050801,NULL
492946,"Ethyl (4S)-4-[[(2S)-3-(4-fluorophenyl)-2-[(2S)-3-methyl-2-[(5-methyl-1,2-oxazole-3-carbonyl)amino]butanoyl]oxypropanoyl]amino]-5-[(3S)-2-oxopyrrolidin-3-yl]pent-2-enoate",NULL,600.600,C30H37FN4O8,166.000,1020.000,NULL,43,3,10,16,NOGZNKUJYKEFLY-YXOQKGKWSA-N,"ethyl (4S)-4-[[(2S)-3-(4-fluorophenyl)-2-[(2S)-3-methyl-2-[(5-methyl-1,2-oxazole-3-carbonyl)amino]butanoyl]oxypropanoyl]amino]-5-[(3S)-2-oxopyrrolidin-3-yl]pent-2-enoate",NULL,1040,2,NULL,20050801,NULL
492947,"Ethyl (4S)-4-[[(2S)-3-(4-fluorophenyl)-2-[[(2S)-3-methyl-2-[(5-methyl-1,2-oxazole-3-carbonyl)amino]butanoyl]amino]propanoyl]amino]-5-[(3S)-2-oxopyrrolidin-3-yl]pent-2-enoate",NULL,599.600,C30H38FN5O7,169.000,1020.000,NULL,43,4,9,15,JSJRYDPMCHPLOL-VBZBYZBJSA-N,"ethyl (4S)-4-[[(2S)-3-(4-fluorophenyl)-2-[[(2S)-3-methyl-2-[(5-methyl-1,2-oxazole-3-carbonyl)amino]butanoyl]amino]propanoyl]amino]-5-[(3S)-2-oxopyrrolidin-3-yl]pent-2-enoate",NULL,1040,2,NULL,20050801,NULL
497282,"Ethyl (4S)-7-amino-4-[[(2S)-2-[4-methyl-3-[(5-methyl-1,2-oxazole-3-carbonyl)amino]-2-oxopyridin-1-yl]-3-phenylpropanoyl]amino]-7-oxohept-2-enoate",NULL,563.600,C29H33N5O7,174.000,1080.000,NULL,41,3,8,14,PMLXJMVSESGFEC-GMAHTHKFSA-N,"ethyl (4S)-7-amino-4-[[(2S)-2-[4-methyl-3-[(5-methyl-1,2-oxazole-3-carbonyl)amino]-2-oxopyridin-1-yl]-3-phenylpropanoyl]amino]-7-oxohept-2-enoate",NULL,1040,2,NULL,20050801,NULL
497283,"Ethyl (4S)-4-[[(2S)-3-(4-fluorophenyl)-2-[3-[(5-methyl-1,2-oxazole-3-carbonyl)amino]-2-oxopyridin-1-yl]propanoyl]amino]-5-[(3S)-2-oxopyrrolidin-3-yl]pent-2-enoate",NULL,593.600,C30H32FN5O7,160.000,1150.000,NULL,43,3,9,13,DPSADWBPDLMTOY-HOKHCIIBSA-N,"ethyl (4S)-4-[[(2S)-3-(4-fluorophenyl)-2-[3-[(5-methyl-1,2-oxazole-3-carbonyl)amino]-2-oxopyridin-1-yl]propanoyl]amino]-5-[(3S)-2-oxopyrrolidin-3-yl]pent-2-enoate",NULL,1040,2,NULL,20050801,NULL
497285,"Propan-2-yl (4S)-4-[[(2S)-3-(3,4-difluorophenyl)-2-[3-[(5-methyl-1,2-oxazole-3-carbonyl)amino]-2-oxopyridin-1-yl]propanoyl]amino]-5-[(3S)-2-oxopyrrolidin-3-yl]pent-2-enoate",NULL,625.600,C31H33F2N5O7,160.000,1220.000,NULL,45,3,10,13,IDEQIHVMYCERBI-UZINWLIJSA-N,"propan-2-yl (4S)-4-[[(2S)-3-(3,4-difluorophenyl)-2-[3-[(5-methyl-1,2-oxazole-3-carbonyl)amino]-2-oxopyridin-1-yl]propanoyl]amino]-5-[(3S)-2-oxopyrrolidin-3-yl]pent-2-enoate",NULL,1040,2,NULL,20050801,NULL
501966,"Ethyl (4S)-4-[[(2S)-2-[[(2S)-3,3-dimethyl-2-[(5-methyl-1,2-oxazole-3-carbonyl)amino]butanoyl]amino]-3-(4-fluorophenyl)propanoyl]amino]-5-[(3S)-2-oxopyrrolidin-3-yl]pent-2-enoate",NULL,613.700,C31H40FN5O7,169.000,1060.000,NULL,44,4,9,15,JBRKSGSKGATCEA-TYDNGALESA-N,"ethyl (4S)-4-[[(2S)-2-[[(2S)-3,3-dimethyl-2-[(5-methyl-1,2-oxazole-3-carbonyl)amino]butanoyl]amino]-3-(4-fluorophenyl)propanoyl]amino]-5-[(3S)-2-oxopyrrolidin-3-yl]pent-2-enoate",NULL,1040,2,NULL,20050801,NULL
508228,"Benzyl (4S)-4-[[(2S)-2-[3-[(5-methyl-1,2-oxazole-3-carbonyl)amino]-2-oxopyridin-1-yl]butanoyl]amino]-5-[(3S)-2-oxopyrrolidin-3-yl]pent-2-enoate",NULL,575.600,C30H33N5O7,160.000,1110.000,NULL,42,3,8,13,JCRZIFCWUXJHSS-FBLLAGFSSA-N,"benzyl (4S)-4-[[(2S)-2-[3-[(5-methyl-1,2-oxazole-3-carbonyl)amino]-2-oxopyridin-1-yl]butanoyl]amino]-5-[(3S)-2-oxopyrrolidin-3-yl]pent-2-enoate",NULL,1040,2,NULL,20050801,NULL
511130,"Benzyl (4S)-4-[[(2S)-2-[3-[(5-methyl-1,2-oxazole-3-carbonyl)amino]-2-oxopyridin-1-yl]pent-4-ynoyl]amino]-5-[(3S)-2-oxopyrrolidin-3-yl]pent-2-enoate",NULL,585.600,C31H31N5O7,160.000,1210.000,NULL,43,3,8,13,OAMLXQDGOIMGAF-ZEVJAHDQSA-N,"benzyl (4S)-4-[[(2S)-2-[3-[(5-methyl-1,2-oxazole-3-carbonyl)amino]-2-oxopyridin-1-yl]pent-4-ynoyl]amino]-5-[(3S)-2-oxopyrrolidin-3-yl]pent-2-enoate",NULL,1040,2,NULL,20050801,NULL
5483090,"Ethyl (4S)-4-[[(2R,5S)-2-[(4-fluorophenyl)methyl]-6-methyl-5-[(5-methyl-1,2-oxazole-3-carbonyl)amino]-4-oxoheptanoyl]amino]-5-[(3S)-2-oxopyrrolidin-3-yl]pent-2-enoate",CHEMBL3348829|NCGC00346443-01|FT-0674483,598.700,C31H39FN4O7,157.000,1010.000,NULL,43,3,9,16,CAYJBRBGZBCZKO-IFILWLFVSA-N,"ethyl (4S)-4-[[(2R,5S)-2-[(4-fluorophenyl)methyl]-6-methyl-5-[(5-methyl-1,2-oxazole-3-carbonyl)amino]-4-oxoheptanoyl]amino]-5-[(3S)-2-oxopyrrolidin-3-yl]pent-2-enoate",NULL,66578,4,"743344,743345,743346,743347,1224824,1224825,1224857,1224859,1259252,1259253,1259255,1259256,1296008,1296009,1347053,1347089,1347090,1347091,1347092,1347093,1347094,1347095,1347096,1347097,1347098,1347099,1347100,1347101,1347102,1347103,1347104,1347105,1347106,1347107,1347108",20050801,NULL
6323191,"Benzyl (E,4S)-4-[[(2S)-4-methyl-2-[[(2S)-3-methyl-2-[[(2S)-2-[(5-methyl-1,2-oxazole-3-carbonyl)amino]propanoyl]amino]butanoyl]amino]pentanoyl]amino]-5-[(3S)-2-oxopyrrolidin-3-yl]pent-2-enoate","(E)-(4S,6S)-8-METHYL-6-((S)-3-METHYL-2-{(S)-2-[(5-METHYL-ISOXAZOLE-3-CARBONYL)-AMINO]-PROPIONYLAMINO}-BUTYRYLAMINO)-5-OXO-4-((R)-2-OXO-PYRROLIDIN-3-YLMETHYL)-NON-2-ENOIC ACID BENZYL ESTER|AC1O43O2|DB04595|3IH|N-[(5-METHYLISOXAZOL-3-YL)CARBONYL]ALANYL-L-VALYL-N~1~-((1R,2Z)-4-(BENZYLOXY)-4-OXO-1-{[(3R)-2-OXOPYRROLIDIN-3-YL]METHYL}BUT-2-ENYL)-L-LEUCINAMIDE|benzyl (E,4S)-4-[[(2S)-4-methyl-2-[[(2S)-3-methyl-2-[[(2S)-2-[(5-methyl-1,2-oxazole-3-carbonyl)amino]propanoyl]amino]butanoyl]amino]pentanoyl]amino]-5-[(3S)",680.800,C35H48N6O8,198.000,1190.000,NULL,49,5,9,18,IDBWWEGDLCFCTD-VNEMRZQUSA-N,"benzyl (E,4S)-4-[[(2S)-4-methyl-2-[[(2S)-3-methyl-2-[[(2S)-2-[(5-methyl-1,2-oxazole-3-carbonyl)amino]propanoyl]amino]butanoyl]amino]pentanoyl]amino]-5-[(3S)-2-oxopyrrolidin-3-yl]pent-2-enoate",NULL,768,2,NULL,20051129,10.1371/journal.pbio.0030324
6323208,"Ethyl (4R)-4-[[(2R,5S)-2-[(4-fluorophenyl)methyl]-6-methyl-5-[(5-methyl-1,2-oxazole-3-carbonyl)amino]-4-oxoheptanoyl]amino]-5-[(3S)-2-oxopyrrolidin-3-yl]pentanoate","4-{2-(4-FLUORO-BENZYL)-6-METHYL-5-[(5-METHYL-ISOXAZOLE-3-CARBONYL)-AMINO]-4-OXO-HEPTANOYLAMINO}-5-(2-OXO-PYRROLIDIN-3-YL)-PENTANOIC ACID ETHYL ESTER|3qzq|4ght|AC1O43OB|DB02313|ethyl (4R)-4-[[(2R,5S)-2-[(4-fluorophenyl)methyl]-6-methyl-5-[(5-methyl-1,2-oxazole-3-carbonyl)amino]-4-oxoheptanoyl]amino]-5-[(3S)-2-oxopyrrolidin-3-yl]pentanoate|ethyl (4R)-4-{[(2R,5S)-2-(4-fluorobenzyl)-6-methyl-5-{[(5-methyl-1,2-oxazol-3-yl)carbonyl]amino}-4-oxoheptanoyl]amino}-5-[(3S)-2-oxopyrrolidin-3-yl]pentanoate",600.700,C31H41FN4O7,157.000,972.000,NULL,43,3,9,17,LMIUALQNZXJHOG-IFILWLFVSA-N,"ethyl (4R)-4-[[(2R,5S)-2-[(4-fluorophenyl)methyl]-6-methyl-5-[(5-methyl-1,2-oxazole-3-carbonyl)amino]-4-oxoheptanoyl]amino]-5-[(3S)-2-oxopyrrolidin-3-yl]pentanoate",NULL,33286,4,977608,20051129,10.1107/s0907444913002862|10.1128/jvi.05107-11
6440352,Rupintrivir,"Rupintrivir|Ruprintrivir|ag7088|UNII-RGE5K1Q5QW|223537-30-2|AG-7088|RGE5K1Q5QW|CHEMBL20210|AG 7088|ethyl (E,4S)-4-[[(2R,5S)-2-[(4-fluorophenyl)methyl]-6-methyl-5-[(5-methylisoxazole-3-carbonyl)amino]-4-oxo-heptanoyl]amino]-5-[(3S)-2-oxopyrrolidin-3-yl]pent-2-enoate|Rupintrivir [USAN:INN]|ethyl (2E,4S)-4-[((2R,5S)-2-(4-fluorobenzyl)-6-methyl-5-{[(5-methylisoxazol-3-yl)carbonyl]amino}-4-oxoheptanoyl)amino]-5-[(3S)-2-oxopyrrolidin-3-yl]pent-2-enoate|Ethyl (2E,4S)-4-(((2R,5S)-2-(4-fluorobenzyl)-6-methyl-5-(((5-",598.700,C31H39FN4O7,157.000,1010.000,NULL,43,3,9,16,CAYJBRBGZBCZKO-BHGBQCOSSA-N,"ethyl (E,4S)-4-[[(2R,5S)-2-[(4-fluorophenyl)methyl]-6-methyl-5-[(5-methyl-1,2-oxazole-3-carbonyl)amino]-4-oxoheptanoyl]amino]-5-[(3S)-2-oxopyrrolidin-3-yl]pent-2-enoate",NULL,102198,10,"17088,17089,24321,24322,24323,24324,24325,24326,46550,50450,52599,67162,79756,79757,89492,161384,163830,163834,163966,163967,163969,163971,163986,163987,211384,215013,228287,256497,323991,323998,324001,342531,342532,423486,423487,423488,423489,423648,423649,423650,423651,423652,423653,423654,423655,423656,423657,423658,423659,423660,423661,423662,423663,423664,423665,423666,423667,423668,423669,423670,423671,423672,423673,423674,423675,423676,423677,423678,423679,423680,423681,423682,423683,423684,423685,42",20060428,10.1002/rmv.330|10.1007/0-387-23816-6_26|10.1007/10_033|10.1007/3-7643-7339-3_9|10.1007/7081_2015_182|10.1007/7081_2017_204|10.1007/978-0-387-21744-4_39|10.1007/978-0-387-21745-1_10|10.1007/978-0-387-27843-8_11|10.1007/978-0-387-31047-3_4|10.1007/978-1-4614-4259-2_11|10.1007/978-1-4939-1571-2_10|10.1007/978-1-4939-3292-4_17|10.1007/978-1-60761-931-4_1|10.1007/978-3-030-05282-9_7|10.1007/978-3-0348-7784-8_6|10.1007/978-3-540-75546-3_10|10.1007/978-3-540-79086-0_4|10.1007/978-3-642-24167-3_108|10.1007/978-90-
6476893,"Ethyl (E,4S)-7-amino-4-[[(2S)-3-(4-fluorophenyl)-2-[(2S)-3-methyl-2-[(5-methyl-1,2-oxazole-3-carbonyl)amino]butanoyl]oxypropanoyl]amino]-7-oxohept-2-enoate","CHEMBL89315|AC1O53D3|2-Heptenoic acid, 7-amino-4-[[(2S)-3-(4-fluorophenyl)-2-[[(2S)-3-methyl-2-[[(5-methyl-3-isoxazolyl)carbonyl]amino]-1-oxobutyl]oxy]-1-oxopropyl]amino]-7-oxo-, ethyl ester, (2E,4S)-|(4S)-4-[[(2S)-2-[N-(5-Methyl-3-isoxazolylcarbonyl)-L-valyloxy]-3-(4-fluorophenyl)propionyl]amino]-7-oxo-7-amino-2-heptenoic acid ethyl ester|ethyl (E,4S)-7-amino-4-[[(2S)-3-(4-fluorophenyl)-2-[(2S)-3-methyl-2-[(5-methylisoxazole-3-carbonyl)amino]butanoyl]oxy-propanoyl]amino]-7-oxo-hept-2-enoate|ethyl (E,4S)-7-",574.600,C28H35FN4O8,180.000,938.000,NULL,41,3,10,17,YJFMXXPPIPGSGB-OBOJWRGTSA-N,"ethyl (E,4S)-7-amino-4-[[(2S)-3-(4-fluorophenyl)-2-[(2S)-3-methyl-2-[(5-methyl-1,2-oxazole-3-carbonyl)amino]butanoyl]oxypropanoyl]amino]-7-oxohept-2-enoate",NULL,99602,6,"79756,79757,89492",20060429,10.1016/s0960-894x(01)00542-x
6476894,"Ethyl (E,4S)-7-amino-4-[[(2S)-3-(4-fluorophenyl)-2-[[(2S)-3-methyl-2-[(5-methyl-1,2-oxazole-3-carbonyl)amino]butanoyl]amino]propanoyl]amino]-7-oxohept-2-enoate","AC1O53D6|CHEMBL329335|ethyl (E,4S)-7-amino-4-[[(2S)-3-(4-fluorophenyl)-2-[[(2S)-3-methyl-2-[(5-methyl-1,2-oxazole-3-carbonyl)amino]butanoyl]amino]propanoyl]amino]-7-oxohept-2-enoate|L-Phenylalaninamide, N-[(5-methyl-3-isoxazolyl)carbonyl]-L-valyl-N-[(1S,2E)-1-(3-amino-3-oxopropyl)-4-ethoxy-4-oxo-2-butenyl]-4-fluoro-|ethyl (E,4S)-7-amino-4-[[(2S)-3-(4-fluorophenyl)-2-[[(2S)-3-methyl-2-[(5-methylisoxazole-3-carbonyl)amino]butanoyl]amino]propanoyl]amino]-7-oxo-hept-2-enoate|(4S)-4-[[N-(5-Methyl-3-isoxazolylcar",573.600,C28H36FN5O7,183.000,939.000,NULL,41,4,9,16,UFMNDOUAXQOQTP-DNFIYLLGSA-N,"ethyl (E,4S)-7-amino-4-[[(2S)-3-(4-fluorophenyl)-2-[[(2S)-3-methyl-2-[(5-methyl-1,2-oxazole-3-carbonyl)amino]butanoyl]amino]propanoyl]amino]-7-oxohept-2-enoate",NULL,99602,6,"79756,79757,89492",20060429,10.1016/s0960-894x(01)00542-x
6476896,"Ethyl (E,4S)-4-[[(2S)-3-(4-fluorophenyl)-2-[(2S)-3-methyl-2-[(5-methyl-1,2-oxazole-3-carbonyl)amino]butanoyl]oxypropanoyl]amino]-5-[(3S)-2-oxopyrrolidin-3-yl]pent-2-enoate","AC1O53DC|CHEMBL315951|L-Valine, N-[(5-methyl-3-isoxazolyl)carbonyl]-, (1S)-2-[[(1S,2E)-4-ethoxy-4-oxo-1-[[(3S)-2-oxo-3-pyrrolidinyl]methyl]-2-butenyl]amino]-1-[(4-fluorophenyl)methyl]-2-oxoethyl ester|ethyl (E,4S)-4-[[(2S)-3-(4-fluorophenyl)-2-[(2S)-3-methyl-2-[(5-methylisoxazole-3-carbonyl)amino]butanoyl]oxy-propanoyl]amino]-5-[(3S)-2-oxopyrrolidin-3-yl]pent-2-enoate|ethyl (E,4S)-4-[[(2S)-3-(4-fluorophenyl)-2-[(2S)-3-methyl-2-[(5-methyl-1,2-oxazole-3-carbonyl)amino]butanoyl]oxypropanoyl]amino]-5-[(3S)-2-ox",600.600,C30H37FN4O8,166.000,1020.000,NULL,43,3,10,16,NOGZNKUJYKEFLY-YKZLWQQASA-N,"ethyl (E,4S)-4-[[(2S)-3-(4-fluorophenyl)-2-[(2S)-3-methyl-2-[(5-methyl-1,2-oxazole-3-carbonyl)amino]butanoyl]oxypropanoyl]amino]-5-[(3S)-2-oxopyrrolidin-3-yl]pent-2-enoate",NULL,99602,6,"17088,17089,79756,79757,89492",20060429,10.1016/s0960-894x(01)00542-x
6476897,"Ethyl (E,4S)-4-[[(2S)-3-(4-fluorophenyl)-2-[[(2S)-3-methyl-2-[(5-methyl-1,2-oxazole-3-carbonyl)amino]butanoyl]amino]propanoyl]amino]-5-[(3S)-2-oxopyrrolidin-3-yl]pent-2-enoate","CHEMBL20636|AG7088 analogue 2a|AC1O53DF|TG-0205221 Analogue 1|BDBM11229|N-[(5-methylisoxazol-3-yl)carbonyl]-L-valyl-N-((1S,2E)-4-ethoxy-4-oxo-1-{[(3S)-2-oxopyrrolidin-3-yl]methyl}but-2-enyl)-4-fluoro-L-phenylalaninamide|L-Phenylalaninamide, N-[(5-methyl-3-isoxazolyl)carbonyl]-L-valyl-N-[(1S)-4-ethoxy-4-oxo-1-[[(3S)-2-oxo-3-pyrrolidinyl]methyl]-2(E)-butenyl]-4-fluoro-|ethyl (E,4S)-4-[[(2S)-3-(4-fluorophenyl)-2-[[(2S)-3-methyl-2-[(5-methylisoxazole-3-carbonyl)amino]butanoyl]amino]propanoyl]amino]-5-[(3S)-2-ox",599.600,C30H38FN5O7,169.000,1020.000,NULL,43,4,9,15,JSJRYDPMCHPLOL-LTXGZIODSA-N,"ethyl (E,4S)-4-[[(2S)-3-(4-fluorophenyl)-2-[[(2S)-3-methyl-2-[(5-methyl-1,2-oxazole-3-carbonyl)amino]butanoyl]amino]propanoyl]amino]-5-[(3S)-2-oxopyrrolidin-3-yl]pent-2-enoate",NULL,99602,6,"17088,17089,46550,50450,52599,67162,79756,79757,89492,163834,163966,163967,163969,163971,163987,211384,215013,228287,268929,268930,268931,268932,268942",20060429,10.1016/j.bmc.2005.05.065|10.1016/s0960-894x(01)00542-x|10.1021/jm0603926|10.1021/jm9805384
6477668,"Ethyl (E,4S)-7-amino-4-[[(2S)-2-[4-methyl-3-[(5-methyl-1,2-oxazole-3-carbonyl)amino]-2-oxopyridin-1-yl]-3-phenylpropanoyl]amino]-7-oxohept-2-enoate","CHEMBL42989|AC1O54S6|(E)-(S)-6-Carbamoyl-4-[(S)-2-(4-methyl-3-{[1-(5-methyl-isoxazol-3-yl)-methanoyl]-amino}-2-oxo-2H-pyridin-1-yl)-3-phenyl-propanoylamino]-hex-2-enoic acid ethyl ester|ethyl (E,4S)-7-amino-4-[[(2S)-2-[4-methyl-3-[(5-methylisoxazole-3-carbonyl)amino]-2-oxo-1-pyridyl]-3-phenyl-propanoyl]amino]-7-oxo-hept-2-enoate|ethyl (E,4S)-7-amino-4-[[(2S)-2-[4-methyl-3-[(5-methyl-1,2-oxazole-3-carbonyl)amino]-2-oxopyridin-1-yl]-3-phenylpropanoyl]amino]-7-oxohept-2-enoate",563.600,C29H33N5O7,174.000,1080.000,NULL,41,3,8,14,PMLXJMVSESGFEC-QYPCTLPZSA-N,"ethyl (E,4S)-7-amino-4-[[(2S)-2-[4-methyl-3-[(5-methyl-1,2-oxazole-3-carbonyl)amino]-2-oxopyridin-1-yl]-3-phenylpropanoyl]amino]-7-oxohept-2-enoate",NULL,1298,4,163820,20060429,10.1021/jm010469k
6477669,"Ethyl (E,4S)-4-[[(2S)-3-(4-fluorophenyl)-2-[3-[(5-methyl-1,2-oxazole-3-carbonyl)amino]-2-oxopyridin-1-yl]propanoyl]amino]-5-[(3S)-2-oxopyrrolidin-3-yl]pent-2-enoate","CHEMBL289920|AC1O54S9|BDBM50111454|ethyl (E,4S)-4-[[(2S)-3-(4-fluorophenyl)-2-[3-[(5-methylisoxazole-3-carbonyl)amino]-2-oxo-1-pyridyl]propanoyl]amino]-5-[(3S)-2-oxopyrrolidin-3-yl]pent-2-enoate|ethyl (E,4S)-4-[[(2S)-3-(4-fluorophenyl)-2-[3-[(5-methyl-1,2-oxazole-3-carbonyl)amino]-2-oxopyridin-1-yl]propanoyl]amino]-5-[(3S)-2-oxopyrrolidin-3-yl]pent-2-enoate|4-(3-(4-Fluoro-phenyl)-2-{3-[(5-methyl-isoxazole-3-carbonyl)-amino]-2-oxo-2H-pyridin-1-yl}-propionylamino)-5-(2-oxo-pyrrolidin-3-yl)-pent-2-enoic acid e",593.600,C30H32FN5O7,160.000,1150.000,NULL,43,3,9,13,DPSADWBPDLMTOY-BCDMVZSVSA-N,"ethyl (E,4S)-4-[[(2S)-3-(4-fluorophenyl)-2-[3-[(5-methyl-1,2-oxazole-3-carbonyl)amino]-2-oxopyridin-1-yl]propanoyl]amino]-5-[(3S)-2-oxopyrrolidin-3-yl]pent-2-enoate",NULL,99602,6,"8008,161525,161530,161534,161549,161553,161557,163820,1305677,1305679",20060429,10.1016/j.bmcl.2016.05.036|10.1021/jm010469k
6477671,"Propan-2-yl (E,4S)-4-[[(2S)-3-(3,4-difluorophenyl)-2-[3-[(5-methyl-1,2-oxazole-3-carbonyl)amino]-2-oxopyridin-1-yl]propanoyl]amino]-5-[(3S)-2-oxopyrrolidin-3-yl]pent-2-enoate","CHEMBL291276|AC1O54SF|BDBM50111455|isopropyl (E,4S)-4-[[(2S)-3-(3,4-difluorophenyl)-2-[3-[(5-methylisoxazole-3-carbonyl)amino]-2-oxo-1-pyridyl]propanoyl]amino]-5-[(3S)-2-oxopyrrolidin-3-yl]pent-2-enoate|4-(3-(3,4-Difluoro-phenyl)-2-{3-[(5-methyl-isoxazole-3-carbonyl)-amino]-2-oxo-2H-pyridin-1-yl}-propionylamino)-5-(2-oxo-pyrrolidin-3-yl)-pent-2-enoic acid isopropyl ester|(1S,5S)-4-((S)-3-(3,4-Difluoro-phenyl)-2-{3-[(5-methyl-isoxazole-3-carbonyl)-amino]-2-oxo-2H-pyridin-1-yl}-propionylamino)-5-(2-oxo-pyrrol",625.600,C31H33F2N5O7,160.000,1220.000,NULL,45,3,10,13,IDEQIHVMYCERBI-QNSPMPMTSA-N,"propan-2-yl (E,4S)-4-[[(2S)-3-(3,4-difluorophenyl)-2-[3-[(5-methyl-1,2-oxazole-3-carbonyl)amino]-2-oxopyridin-1-yl]propanoyl]amino]-5-[(3S)-2-oxopyrrolidin-3-yl]pent-2-enoate",NULL,99602,6,"7780,8131,8132,8531,8532,8768,8896,9311,9509,9683,9684,9689,9690,9881,9882,10081,10120,15015,15019,15020,16474,21986,24655,24656,24658,24659,24660,24661,26421,45269,84561,161525,161527,161528,161532,161533,161536,161537,161538,161539,161540,161541,161542,161543,161545,161546,161550,161551,161552,161554,161555,161556,161558,161559,161560,161561,161562,161563,161564,161565,161566,163807,163820",20060429,10.1021/jm010469k|10.1021/jm030166l
6478232,"Ethyl (E,4S)-4-[[(2S)-2-[[(2S)-3,3-dimethyl-2-[(5-methyl-1,2-oxazole-3-carbonyl)amino]butanoyl]amino]-3-(4-fluorophenyl)propanoyl]amino]-5-[(3S)-2-oxopyrrolidin-3-yl]pent-2-enoate","CHEMBL21082|AC1O55R6|BDBM50075610|ethyl (E,4S)-4-[[(2S)-2-[[(2S)-3,3-dimethyl-2-[(5-methyl-1,2-oxazole-3-carbonyl)amino]butanoyl]amino]-3-(4-fluorophenyl)propanoyl]amino]-5-[(3S)-2-oxopyrrolidin-3-yl]pent-2-enoate|4-[2-{3,3-Dimethyl-2-[(5-methyl-isoxazole-3-carbonyl)-amino]-butyrylamino}-3-(4-fluoro-phenyl)-propionylamino]-5-(2-oxo-pyrrolidin-3-yl)-pent-2-enoic acid, ethyl ester|(E)-(S)-4-[(S)-2-{(S)-3,3-Dimethyl-2-[(5-methyl-isoxazole-3-carbonyl)-amino]-butyrylamino}-3-(4-fluoro-phenyl)-propionylamino]-5-(",613.700,C31H40FN5O7,169.000,1060.000,NULL,44,4,9,15,JBRKSGSKGATCEA-CVVFYGBQSA-N,"ethyl (E,4S)-4-[[(2S)-2-[[(2S)-3,3-dimethyl-2-[(5-methyl-1,2-oxazole-3-carbonyl)amino]butanoyl]amino]-3-(4-fluorophenyl)propanoyl]amino]-5-[(3S)-2-oxopyrrolidin-3-yl]pent-2-enoate",NULL,99602,6,"46550,50450,52599,67162,163834,163987,211384,215013,228287",20060429,10.1021/jm9805384
6478681,"Benzyl (E,4S)-4-[[(2S)-2-[3-[(5-methyl-1,2-oxazole-3-carbonyl)amino]-2-oxopyridin-1-yl]butanoyl]amino]-5-[(3S)-2-oxopyrrolidin-3-yl]pent-2-enoate","AC1O56OC|CHEMBL345023|(E)-4-[2-(3-{[1-(5-Methyl-isoxazol-3-yl)-methanoyl]-amino}-2-oxo-2H-pyridin-1-yl)-butanoylamino]-5-(2-oxo-pyrrolidin-3-yl)-pent-2-enoic acid benzyl ester|benzyl (E,4S)-4-[[(2S)-2-[3-[(5-methylisoxazole-3-carbonyl)amino]-2-oxo-1-pyridyl]butanoyl]amino]-5-[(3S)-2-oxopyrrolidin-3-yl]pent-2-enoate|benzyl (E,4S)-4-[[(2S)-2-[3-[(5-methyl-1,2-oxazole-3-carbonyl)amino]-2-oxopyridin-1-yl]butanoyl]amino]-5-[(3S)-2-oxopyrrolidin-3-yl]pent-2-enoate",575.600,C30H33N5O7,160.000,1110.000,NULL,42,3,8,13,JCRZIFCWUXJHSS-CKQBFUQQSA-N,"benzyl (E,4S)-4-[[(2S)-2-[3-[(5-methyl-1,2-oxazole-3-carbonyl)amino]-2-oxopyridin-1-yl]butanoyl]amino]-5-[(3S)-2-oxopyrrolidin-3-yl]pent-2-enoate",NULL,99602,6,"7780,9509,15018,16474,21986,24647,24648,24650,24653,24655,24656,24658,26421,45269,84561,163807",20060429,10.1021/jm030166l
6479024,"Benzyl (E,4S)-4-[[(2S)-2-[3-[(5-methyl-1,2-oxazole-3-carbonyl)amino]-2-oxopyridin-1-yl]pent-4-ynoyl]amino]-5-[(3S)-2-oxopyrrolidin-3-yl]pent-2-enoate","AC1O577V|CHEMBL140521|benzyl (E,4S)-4-[[(2S)-2-[3-[(5-methyl-1,2-oxazole-3-carbonyl)amino]-2-oxopyridin-1-yl]pent-4-ynoyl]amino]-5-[(3S)-2-oxopyrrolidin-3-yl]pent-2-enoate|2-Pentenoic acid, 4-[[(2S)-2-[3-[[(5-methyl-3-isoxazolyl)carbonyl]amino]-2-oxo-1(2H)-pyridinyl]-1-oxo-4-pentynyl]amino]-5-[(3S)-2-oxo-3-pyrrolidinyl]-, phenylmethyl ester, (2E,4S)-|benzyl (E,4S)-4-[[(2S)-2-[3-[(5-methylisoxazole-3-carbonyl)amino]-2-oxo-1-pyridyl]pent-4-ynoyl]amino]-5-[(3S)-2-oxopyrrolidin-3-yl]pent-2-enoate",585.600,C31H31N5O7,160.000,1210.000,NULL,43,3,8,13,OAMLXQDGOIMGAF-KRGVZGDRSA-N,"benzyl (E,4S)-4-[[(2S)-2-[3-[(5-methyl-1,2-oxazole-3-carbonyl)amino]-2-oxopyridin-1-yl]pent-4-ynoyl]amino]-5-[(3S)-2-oxopyrrolidin-3-yl]pent-2-enoate",NULL,99602,6,"7780,9509,15015,15018,16474,21986,24648,24650,24652,24655,24656,24658,26421,45269,84561,163807",20060429,10.1021/jm030166l
10122331,"Cyclopentyl (E,4S)-4-[[(2S)-3-(3,4-difluorophenyl)-2-[3-[(5-methyl-1,2-oxazole-3-carbonyl)amino]-2-oxopyridin-1-yl]propanoyl]amino]-5-[(3S)-2-oxopyrrolidin-3-yl]pent-2-enoate","(E)-(S)-4-[(S)-3-(3,4-Difluorophenyl)-2-(3-{[1-(5-Methyl-isoxazol-3-yl)-methanoyl]-amino}-2-oxo-2H-pyridin-1-yl)-propanoylamino]-5-((S)-2-oxo-pyrrolidin-3-yl)-pent-2-enoic acid cyclopentyl ester|cyclopentyl (E,4S)-4-[[(2S)-3-(3,4-difluorophenyl)-2-[3-[(5-methylisoxazole-3-carbonyl)amino]-2-oxo-1-pyridyl]propanoyl]amino]-5-[(3S)-2-oxopyrrolidin-3-yl]pent-2-enoate",651.700,C33H35F2N5O7,160.000,1290.000,NULL,47,3,10,13,CUXVCXTXZGIJIV-XROKJQKSSA-N,"cyclopentyl (E,4S)-4-[[(2S)-3-(3,4-difluorophenyl)-2-[3-[(5-methyl-1,2-oxazole-3-carbonyl)amino]-2-oxopyridin-1-yl]propanoyl]amino]-5-[(3S)-2-oxopyrrolidin-3-yl]pent-2-enoate",NULL,1040,2,NULL,20061025,NULL
10122355,"2,2-Dimethylpropyl (E,4S)-4-[[(2S)-3-(3,4-difluorophenyl)-2-[3-[(5-methyl-1,2-oxazole-3-carbonyl)amino]-2-oxopyridin-1-yl]propanoyl]amino]-5-[(3S)-2-oxopyrrolidin-3-yl]pent-2-enoate",NULL,653.700,C33H37F2N5O7,160.000,1280.000,NULL,47,3,10,14,XXEGWAYKGXEKKV-ATQXNFRPSA-N,"2,2-dimethylpropyl (E,4S)-4-[[(2S)-3-(3,4-difluorophenyl)-2-[3-[(5-methyl-1,2-oxazole-3-carbonyl)amino]-2-oxopyridin-1-yl]propanoyl]amino]-5-[(3S)-2-oxopyrrolidin-3-yl]pent-2-enoate",NULL,,,NULL,20061025,NULL
10145170,"N-[1-[(2S)-3-(4-Fluorophenyl)-1-oxo-1-[[(1E,2S)-1-(2-oxooxolan-3-ylidene)-3-(2-oxopyrrolidin-3-yl)propan-2-yl]amino]propan-2-yl]-2-oxopyridin-3-yl]-5-methyl-1,2-oxazole-3-carboxamide",NULL,591.600,C30H30FN5O7,160.000,1210.000,NULL,43,3,9,10,SYRRIXCEQDEKDO-MWNNUDDKSA-N,"N-[1-[(2S)-3-(4-fluorophenyl)-1-oxo-1-[[(1E,2S)-1-(2-oxooxolan-3-ylidene)-3-(2-oxopyrrolidin-3-yl)propan-2-yl]amino]propan-2-yl]-2-oxopyridin-3-yl]-5-methyl-1,2-oxazole-3-carboxamide",NULL,,,NULL,20061025,NULL
10146320,"Propan-2-yl (E,4S)-4-[[(2S)-2-[3-[(5-methyl-1,2-oxazole-3-carbonyl)amino]-2-oxo-5-(trifluoromethyl)pyridin-1-yl]-3-phenylpropanoyl]amino]-5-[(3S)-2-oxopyrrolidin-3-yl]pent-2-enoate",NULL,657.600,C32H34F3N5O7,160.000,1290.000,NULL,47,3,11,13,KSHOPSNBZKUQJY-ZUBAIHIGSA-N,"propan-2-yl (E,4S)-4-[[(2S)-2-[3-[(5-methyl-1,2-oxazole-3-carbonyl)amino]-2-oxo-5-(trifluoromethyl)pyridin-1-yl]-3-phenylpropanoyl]amino]-5-[(3S)-2-oxopyrrolidin-3-yl]pent-2-enoate",NULL,,,NULL,20061025,NULL
10233159,"Benzyl (E,4S)-4-[[(2S)-2-[3-[(5-methyl-1,2-oxazole-3-carbonyl)amino]-2-oxo-5-(trifluoromethyl)pyridin-1-yl]butanoyl]amino]-5-[(3S)-2-oxopyrrolidin-3-yl]pent-2-enoate",NULL,643.600,C31H32F3N5O7,160.000,1260.000,NULL,46,3,11,13,PDPJCWBGTYOGII-ZNLABWCGSA-N,"benzyl (E,4S)-4-[[(2S)-2-[3-[(5-methyl-1,2-oxazole-3-carbonyl)amino]-2-oxo-5-(trifluoromethyl)pyridin-1-yl]butanoyl]amino]-5-[(3S)-2-oxopyrrolidin-3-yl]pent-2-enoate",NULL,,,NULL,20061025,NULL
10283874,"Cycloheptyl (E,4S)-4-[[(2S)-3-(3,4-difluorophenyl)-2-[3-[(5-methyl-1,2-oxazole-3-carbonyl)amino]-2-oxo-5-(trifluoromethyl)pyridin-1-yl]propanoyl]amino]-5-[(3S)-2-oxopyrrolidin-3-yl]pent-2-enoate",NULL,747.700,C36H38F5N5O7,160.000,1460.000,NULL,53,3,13,13,DXMRJSDXXKXMMG-PDXHHTLESA-N,"cycloheptyl (E,4S)-4-[[(2S)-3-(3,4-difluorophenyl)-2-[3-[(5-methyl-1,2-oxazole-3-carbonyl)amino]-2-oxo-5-(trifluoromethyl)pyridin-1-yl]propanoyl]amino]-5-[(3S)-2-oxopyrrolidin-3-yl]pent-2-enoate",NULL,,,NULL,20061025,NULL
10325977,"Ethyl (E)-4-[[2-(4-fluorophenyl)-6-methyl-5-[(5-methyl-1,2-oxazole-3-carbonyl)amino]-4-oxoheptanoyl]amino]-5-(2-oxopyrrolidin-3-yl)pent-2-enoate",NULL,584.600,C30H37FN4O7,157.000,998.000,NULL,42,3,9,15,GPFPUCCAVGIJMU-ZHACJKMWSA-N,"ethyl (E)-4-[[2-(4-fluorophenyl)-6-methyl-5-[(5-methyl-1,2-oxazole-3-carbonyl)amino]-4-oxoheptanoyl]amino]-5-(2-oxopyrrolidin-3-yl)pent-2-enoate",NULL,,,NULL,20061025,NULL
11456159,"Ethyl (E)-4-[[2-[(4-fluorophenyl)methyl]-6-methyl-5-[(5-methyl-1,2-oxazole-3-carbonyl)amino]-4-oxoheptanoyl]amino]-5-(2-oxopyrrolidin-3-yl)pent-2-enoate","223537-30-2|SCHEMBL6687773|RT-015467|4-[[2-[(4-Fluorophenyl)methyl]-6-methyl-5-[(5-methyl-3-isoxazolyl)carbonylamino]-1,4-dioxoheptyl]amino]-5-(2-oxo-3-pyrrolidinyl)-2-pentenoic acid ethyl ester",598.700,C31H39FN4O7,157.000,1010.000,NULL,43,3,9,16,CAYJBRBGZBCZKO-ZHACJKMWSA-N,"ethyl (E)-4-[[2-[(4-fluorophenyl)methyl]-6-methyl-5-[(5-methyl-1,2-oxazole-3-carbonyl)amino]-4-oxoheptanoyl]amino]-5-(2-oxopyrrolidin-3-yl)pent-2-enoate",NULL,1040,2,NULL,20061026,NULL
11584963,"Ethyl (E,4S)-4-[[(2S)-2-[[(2S)-3-methyl-2-[(5-methyl-1,2-oxazole-3-carbonyl)amino]butanoyl]amino]-2-phenylacetyl]amino]-5-[(3S)-2-oxopyrrolidin-3-yl]pent-2-enoate",NULL,567.600,C29H37N5O7,169.000,965.000,NULL,41,4,8,14,JKTZVLAMBYJXGN-RECMVQNQSA-N,"ethyl (E,4S)-4-[[(2S)-2-[[(2S)-3-methyl-2-[(5-methyl-1,2-oxazole-3-carbonyl)amino]butanoyl]amino]-2-phenylacetyl]amino]-5-[(3S)-2-oxopyrrolidin-3-yl]pent-2-enoate",NULL,,,NULL,20061026,NULL
11599683,"Ethyl (E,4S)-4-[[(2R,5S)-2-[(4-fluorophenyl)methyl]-6-methyl-5-[(5-methyl-1,2-oxazole-3-carbonyl)amino]-4-oxoheptanoyl]amino]-5-(2-oxopyrrolidin-3-yl)pent-2-enoate",NULL,598.700,C31H39FN4O7,157.000,1010.000,NULL,43,3,9,16,CAYJBRBGZBCZKO-XVAJWODFSA-N,"ethyl (E,4S)-4-[[(2R,5S)-2-[(4-fluorophenyl)methyl]-6-methyl-5-[(5-methyl-1,2-oxazole-3-carbonyl)amino]-4-oxoheptanoyl]amino]-5-(2-oxopyrrolidin-3-yl)pent-2-enoate",NULL,,,NULL,20061026,NULL
11600043,"Benzyl (E,4S)-4-[[(2S)-4-methyl-2-[[(2S)-3-methyl-2-[[(2S)-2-[(5-methyl-1,2-oxazole-3-carbonyl)amino]propanoyl]amino]butanoyl]amino]pentanoyl]amino]-5-(2-oxopyrrolidin-3-yl)pent-2-enoate",NULL,680.800,C35H48N6O8,198.000,1190.000,NULL,49,5,9,18,IDBWWEGDLCFCTD-RGUNBSALSA-N,"benzyl (E,4S)-4-[[(2S)-4-methyl-2-[[(2S)-3-methyl-2-[[(2S)-2-[(5-methyl-1,2-oxazole-3-carbonyl)amino]propanoyl]amino]butanoyl]amino]pentanoyl]amino]-5-(2-oxopyrrolidin-3-yl)pent-2-enoate",NULL,,,NULL,20061026,NULL
11642725,"Ethyl (E,4S)-4-[[(2R,5S)-2-benzyl-6-methyl-5-[(5-methyl-1,2-oxazole-3-carbonyl)amino]-4-oxoheptanoyl]amino]-5-[(3S)-2-oxopyrrolidin-3-yl]pent-2-enoate","CHEMBL194398|AG7088 analogue 1c|BDBM11245|ethyl (E,4S)-4-[[(2R,5S)-2-benzyl-6-methyl-5-[(5-methylisoxazole-3-carbonyl)amino]-4-oxo-heptanoyl]amino]-5-[(3S)-2-oxopyrrolidin-3-yl]pent-2-enoate|ethyl (2E,4S)-4-[(2R,5S)-2-benzyl-6-methyl-5-[(5-methyl-1,2-oxazol-3-yl)formamido]-4-oxoheptanamido]-5-[(3S)-2-oxopyrrolidin-3-yl]pent-2-enoate",580.700,C31H40N4O7,157.000,978.000,NULL,42,3,8,16,DHTSLDPANDNYNQ-SJNZOZTPSA-N,"ethyl (E,4S)-4-[[(2R,5S)-2-benzyl-6-methyl-5-[(5-methyl-1,2-oxazole-3-carbonyl)amino]-4-oxoheptanoyl]amino]-5-[(3S)-2-oxopyrrolidin-3-yl]pent-2-enoate",NULL,33042,4,"253750,253856,254965,301777,301778",20061026,10.1016/j.bmc.2005.05.065|10.1016/j.bmcl.2007.08.031|10.1021/jm050548m
11757719,"Ethyl (E,4S)-7-amino-4-[[(2S)-2-[[(2S)-4-methyl-2-[(5-methyl-1,2-oxazole-3-carbonyl)amino]pentanoyl]amino]-3-phenylpropanoyl]amino]-7-oxohept-2-enoate","ethyl (E,4S)-7-amino-4-[[(2S)-2-[[(2S)-4-methyl-2-[(5-methylisoxazole-3-carbonyl)amino]pentanoyl]amino]-3-phenyl-propanoyl]amino]-7-oxo-hept-2-enoate|6-Carbamoyl-4-(2-{4-methyl-2-[(5-methyl-isoxazole-3-carbonyl)-amino]-pentanoylamino}-3-phenyl-propionylamino)-hex-2-enoic acid ethyl ester",569.600,C29H39N5O7,183.000,919.000,NULL,41,4,8,17,PRJDINOEQYAYIT-KKDRGVPQSA-N,"ethyl (E,4S)-7-amino-4-[[(2S)-2-[[(2S)-4-methyl-2-[(5-methyl-1,2-oxazole-3-carbonyl)amino]pentanoyl]amino]-3-phenylpropanoyl]amino]-7-oxohept-2-enoate",NULL,1040,2,NULL,20061026,NULL
15547373,"Ethyl (E,4S)-7-amino-4-[[(2S)-2-[methyl-[(2S)-4-methyl-2-[(5-methyl-1,2-oxazole-3-carbonyl)amino]pentanoyl]amino]-3-phenylpropanoyl]amino]-7-oxohept-2-enoate",CHEMBL262675,583.700,C30H41N5O7,174.000,950.000,2.700,42,3,8,17,GCMBSRPWEFZQKW-DEUOMTTOSA-N,"ethyl (E,4S)-7-amino-4-[[(2S)-2-[methyl-[(2S)-4-methyl-2-[(5-methyl-1,2-oxazole-3-carbonyl)amino]pentanoyl]amino]-3-phenylpropanoyl]amino]-7-oxohept-2-enoate",NULL,99346,5,"3280,93038",20070210,10.1016/s0960-894x(99)00368-6
15547374,"Ethyl (E,4S)-7-amino-4-[[(2S)-3-(4-fluorophenyl)-2-[methyl-[(2S)-4-methyl-2-[(5-methyl-1,2-oxazole-3-carbonyl)amino]pentanoyl]amino]propanoyl]amino]-7-oxohept-2-enoate","CHEMBL71839|6-Carbamoyl-4-[3-(4-fluoro-phenyl)-2-(methyl-{4-methyl-2-[(5-methyl-isoxazole-3-carbonyl)-amino]-pentanoyl}-amino)-propionylamino]-hex-2-enoic acid ethyl ester|ethyl (E,4S)-7-amino-4-[[(2S)-3-(4-fluorophenyl)-2-[methyl-[(2S)-4-methyl-2-[(5-methylisoxazole-3-carbonyl)amino]pentanoyl]amino]propanoyl]amino]-7-oxo-hept-2-enoate",601.700,C30H40FN5O7,174.000,986.000,NULL,43,3,9,17,SBFKUKHKIOGZJR-XNCNTFHWSA-N,"ethyl (E,4S)-7-amino-4-[[(2S)-3-(4-fluorophenyl)-2-[methyl-[(2S)-4-methyl-2-[(5-methyl-1,2-oxazole-3-carbonyl)amino]pentanoyl]amino]propanoyl]amino]-7-oxohept-2-enoate",NULL,99346,5,"3280,93038",20070210,10.1016/s0960-894x(99)00368-6
15954032,"Ethyl (E,4S)-4-[[(2R,5R)-2-[(4-fluorophenyl)methyl]-6-methyl-5-[(5-methyl-1,2-oxazole-3-carbonyl)amino]-4-oxoheptanoyl]amino]-5-[(3S)-2-oxopyrrolidin-3-yl]pent-2-enoate","(5R)-Rupintrivir|ZINC59402108|(2E,4S)-4-[[(2R,5R)-2-[(4-Fluorophenyl)methyl]-6-methyl-5-[[(5-methyl-3-isoxazolyl)carbonyl]amino]-1,4-dioxoheptyl]amino]-5-[(3S)-2-oxo-3-pyrrolidinyl]-2-pentenoic Acid",598.700,C31H39FN4O7,157.000,1010.000,NULL,43,3,9,16,CAYJBRBGZBCZKO-YVXKQXFXSA-N,"ethyl (E,4S)-4-[[(2R,5R)-2-[(4-fluorophenyl)methyl]-6-methyl-5-[(5-methyl-1,2-oxazole-3-carbonyl)amino]-4-oxoheptanoyl]amino]-5-[(3S)-2-oxopyrrolidin-3-yl]pent-2-enoate",NULL,,,NULL,20070308,NULL
15954228,"Cyclohexyl (E,4S)-4-[[(2S)-3-(3,4-difluorophenyl)-2-[3-[(5-methyl-1,2-oxazole-3-carbonyl)amino]-2-oxopyridin-1-yl]propanoyl]amino]-5-[(3S)-2-oxopyrrolidin-3-yl]pent-2-enoate","(E)-(S)-4-[(S)-3-(3,4-Difluorophenyl)-2-(3-{[1-(5-Methyl-isoxazol-3-yl)-methanoyl]-amino}-2-oxo-2H-pyridin-1-yl)-propanoylamino]-5-((S)-2-oxo-pyrrolidin-3-yl)-pent-2-enoic acid cyclohexyl ester|cyclohexyl (E,4S)-4-[[(2S)-3-(3,4-difluorophenyl)-2-[3-[(5-methylisoxazole-3-carbonyl)amino]-2-oxo-1-pyridyl]propanoyl]amino]-5-[(3S)-2-oxopyrrolidin-3-yl]pent-2-enoate",665.700,C34H37F2N5O7,160.000,1300.000,NULL,48,3,10,13,QSBDBZXLLULSKR-AKWCEWSDSA-N,"cyclohexyl (E,4S)-4-[[(2S)-3-(3,4-difluorophenyl)-2-[3-[(5-methyl-1,2-oxazole-3-carbonyl)amino]-2-oxopyridin-1-yl]propanoyl]amino]-5-[(3S)-2-oxopyrrolidin-3-yl]pent-2-enoate",NULL,1040,2,NULL,20070308,NULL
15954229,"Propan-2-yl (E,4S)-4-[[(2S)-2-[3-[(5-methyl-1,2-oxazole-3-carbonyl)amino]-2-oxopyridin-1-yl]-3-phenylpropanoyl]amino]-5-[(3S)-2-oxopyrrolidin-3-yl]pent-2-enoate","(E)-(S)-4-[(S)-2-(3-{[1-(5-Methyl-isoxazol-3-yl)-methanoyl]amino}-2-oxo-2H-pyridin-1-yl)-3-phenyl-propanoylamino]-5-((S)-2-oxo-pyrrolidin-3-yl)-pent-2-enoic acid isopropyl ester|isopropyl (E,4S)-4-[[(2S)-2-[3-[(5-methylisoxazole-3-carbonyl)amino]-2-oxo-1-pyridyl]-3-phenyl-propanoyl]amino]-5-[(3S)-2-oxopyrrolidin-3-yl]pent-2-enoate",589.600,C31H35N5O7,160.000,1140.000,NULL,43,3,8,13,GDKSFXZDBNFUIQ-RGTUMXNPSA-N,"propan-2-yl (E,4S)-4-[[(2S)-2-[3-[(5-methyl-1,2-oxazole-3-carbonyl)amino]-2-oxopyridin-1-yl]-3-phenylpropanoyl]amino]-5-[(3S)-2-oxopyrrolidin-3-yl]pent-2-enoate",NULL,1040,2,NULL,20070308,NULL
15954233,"N-[(3S,6R)-6-[(4-Fluorophenyl)methyl]-2-methyl-4,7-dioxo-7-[[(1E,2S)-1-(2-oxooxolan-3-ylidene)-3-[(3S)-2-oxopyrrolidin-3-yl]propan-2-yl]amino]heptan-3-yl]-5-methyl-1,2-oxazole-3-carboxamide","CHEMBL3815034|N-[(1S,4R)-4-[(4-fluorophenyl)methyl]-1-isopropyl-2,5-dioxo-5-[[(1S,2E)-1-[[(3S)-2-oxopyrrolidin-3-yl]methyl]-2-(2-oxotetrahydrofuran-3-ylidene)ethyl]amino]pentyl]-5-methyl-isoxazole-3-carboxamide|5-Methylisoxazole-3-carboxylicacid {5-(4-fluorophenyl)-1-isopropyl-2-oxo-4-[2-(2-oxodihydrofuran-3-ylidine)-1-(2-oxopyrrolidin-3-ylmethyl)-ethylcarbamoyl]-pentyl} amide",596.600,C31H37FN4O7,157.000,1070.000,NULL,43,3,9,13,CALKYRSEXBYKAI-ILGFIILKSA-N,"N-[(3S,6R)-6-[(4-fluorophenyl)methyl]-2-methyl-4,7-dioxo-7-[[(1E,2S)-1-(2-oxooxolan-3-ylidene)-3-[(3S)-2-oxopyrrolidin-3-yl]propan-2-yl]amino]heptan-3-yl]-5-methyl-1,2-oxazole-3-carboxamide",NULL,99346,5,"1305669,1305670,1305671,1305672,1305674,1305675,1305676,1305678,1305679,1305680",20070308,10.1016/j.bmcl.2016.05.036
15954628,"Cycloheptyl (E,4S)-4-[[(2S)-3-(3,4-difluorophenyl)-2-[3-[(5-methyl-1,2-oxazole-3-carbonyl)amino]-2-oxopyridin-1-yl]propanoyl]amino]-5-[(3S)-2-oxopyrrolidin-3-yl]pent-2-enoate","2-Pentenoic acid, 4-[[(2S)-3-(3,4-difluorophenyl)-2-[3-[[(5-methyl-3-isoxazolyl)carbonyl]amino]-2-oxo-1(2H)-pyridinyl]-1-oxopropyl]amino]-5-[(3S)-2-oxo-3-pyrrolidinyl]-, cycloheptyl ester, (2E,4S)-|cycloheptyl (E,4S)-4-[[(2S)-3-(3,4-difluorophenyl)-2-[3-[(5-methylisoxazole-3-carbonyl)amino]-2-oxo-1-pyridyl]propanoyl]amino]-5-[(3S)-2-oxopyrrolidin-3-yl]pent-2-enoate",679.700,C35H39F2N5O7,160.000,1320.000,NULL,49,3,10,13,RXSDMHXLCSXVNK-XUIACOEUSA-N,"cycloheptyl (E,4S)-4-[[(2S)-3-(3,4-difluorophenyl)-2-[3-[(5-methyl-1,2-oxazole-3-carbonyl)amino]-2-oxopyridin-1-yl]propanoyl]amino]-5-[(3S)-2-oxopyrrolidin-3-yl]pent-2-enoate",NULL,1040,2,NULL,20070308,NULL
15954633,"Propan-2-yl (E,4S)-4-[[(2S)-3-(4-fluorophenyl)-2-[3-[(5-methyl-1,2-oxazole-3-carbonyl)amino]-2-oxopyridin-1-yl]propanoyl]amino]-5-[(3S)-2-oxopyrrolidin-3-yl]pent-2-enoate",NULL,607.600,C31H34FN5O7,160.000,1180.000,NULL,44,3,9,13,SZDNDCIRAQSZGT-LXNMPQBYSA-N,"propan-2-yl (E,4S)-4-[[(2S)-3-(4-fluorophenyl)-2-[3-[(5-methyl-1,2-oxazole-3-carbonyl)amino]-2-oxopyridin-1-yl]propanoyl]amino]-5-[(3S)-2-oxopyrrolidin-3-yl]pent-2-enoate",NULL,,,NULL,20070308,NULL
15956553,"Ethyl (E,4S)-4-[[(2S)-2-[[(2S)-3-methyl-2-[(5-methyl-1,2-oxazole-3-carbonyl)amino]butanoyl]amino]-3-phenylpropanoyl]amino]-5-[(3S)-2-oxopyrrolidin-3-yl]pent-2-enoate","AG7088 analogue 2c|CHEMBL238216|BDBM11249|ethyl (E,4S)-4-[[(2S)-2-[[(2S)-3-methyl-2-[(5-methylisoxazole-3-carbonyl)amino]butanoyl]amino]-3-phenyl-propanoyl]amino]-5-[(3S)-2-oxopyrrolidin-3-yl]pent-2-enoate|ethyl (2E,4S)-4-[(2S)-2-[(2S)-3-methyl-2-[(5-methyl-1,2-oxazol-3-yl)formamido]butanamido]-3-phenylpropanamido]-5-[(3S)-2-oxopyrrolidin-3-yl]pent-2-enoate|(S,E)-Ethyl 4-((S)-2-((S)-3-methyl-2-(5-methylisoxazole-3-carboxamido)butanamido)-3-phenylpropanamido)-5-((R-2-oxopyrrolidin-3-yl)pent-2-enoate",581.700,C30H39N5O7,169.000,981.000,NULL,42,4,8,15,PANGWSCMXDVPFP-BNQYSQCVSA-N,"ethyl (E,4S)-4-[[(2S)-2-[[(2S)-3-methyl-2-[(5-methyl-1,2-oxazole-3-carbonyl)amino]butanoyl]amino]-3-phenylpropanoyl]amino]-5-[(3S)-2-oxopyrrolidin-3-yl]pent-2-enoate",NULL,258,2,"301777,301778",20070308,10.1016/j.bmc.2005.05.065|10.1016/j.bmcl.2007.08.031
15959300,"Ethyl (E,4S)-4-[[(2S)-2-[[(2S)-3-methyl-2-[(5-methyl-1,2-oxazole-3-carbonyl)amino]butanoyl]amino]-3-phenylpropanoyl]amino]-5-phenylpent-2-enoate","AG7088 analogue 4c|BDBM11257|ethyl (E,4S)-4-[[(2S)-2-[[(2S)-3-methyl-2-[(5-methylisoxazole-3-carbonyl)amino]butanoyl]amino]-3-phenyl-propanoyl]amino]-5-phenyl-pent-2-enoate|ethyl (2E,4S)-4-[(2S)-2-[(2S)-3-methyl-2-[(5-methyl-1,2-oxazol-3-yl)formamido]butanamido]-3-phenylpropanamido]-5-phenylpent-2-enoate",574.700,C32H38N4O6,140.000,913.000,NULL,42,3,7,15,DECFOJTYZGEZPC-RWBCRXJQSA-N,"ethyl (E,4S)-4-[[(2S)-2-[[(2S)-3-methyl-2-[(5-methyl-1,2-oxazole-3-carbonyl)amino]butanoyl]amino]-3-phenylpropanoyl]amino]-5-phenylpent-2-enoate",NULL,256,1,NULL,20070308,10.1016/j.bmc.2005.05.065
20610262,"Prop-2-enyl N-[1-[3-(1-benzoylpyrrolidin-2-yl)-1,2-oxazol-5-yl]-3-oxobutan-2-yl]carbamate",NULL,411.500,C22H25N3O5,102.000,634.000,NULL,30,1,6,9,ITPMXDNBRNGCIV-UHFFFAOYSA-N,"prop-2-enyl N-[1-[3-(1-benzoylpyrrolidin-2-yl)-1,2-oxazol-5-yl]-3-oxobutan-2-yl]carbamate",NULL,1040,2,NULL,20071205,NULL
20835681,"Benzyl (E,4S,6S)-8-methyl-6-[[(2S)-3-methyl-2-[[(2S)-2-[(5-methyl-1,2-oxazole-3-carbonyl)amino]propanoyl]amino]butanoyl]amino]-5-oxo-4-[[(3R)-2-oxopyrrolidin-3-yl]methyl]non-2-enoate",NULL,665.800,C35H47N5O8,186.000,1170.000,NULL,48,4,9,18,GRDAMRKOASHNES-GJTDAQPWSA-N,"benzyl (E,4S,6S)-8-methyl-6-[[(2S)-3-methyl-2-[[(2S)-2-[(5-methyl-1,2-oxazole-3-carbonyl)amino]propanoyl]amino]butanoyl]amino]-5-oxo-4-[[(3R)-2-oxopyrrolidin-3-yl]methyl]non-2-enoate",NULL,,,NULL,20071205,NULL
20835682,"Benzyl (Z,4R)-4-[[(2S)-4-methyl-2-[[(2S)-3-methyl-2-[2-[(5-methyl-1,2-oxazole-3-carbonyl)amino]propanoylamino]butanoyl]amino]pentanoyl]amino]-5-[(3R)-2-oxopyrrolidin-3-yl]pent-2-enoate",NULL,680.800,C35H48N6O8,198.000,1190.000,NULL,49,5,9,18,IDBWWEGDLCFCTD-CQQFGMHPSA-N,"benzyl (Z,4R)-4-[[(2S)-4-methyl-2-[[(2S)-3-methyl-2-[2-[(5-methyl-1,2-oxazole-3-carbonyl)amino]propanoylamino]butanoyl]amino]pentanoyl]amino]-5-[(3R)-2-oxopyrrolidin-3-yl]pent-2-enoate",NULL,,,NULL,20071205,NULL
22977005,"Ethyl (E)-7-amino-4-[[2-[[4-methyl-2-[(5-methyl-1,2-oxazole-3-carbonyl)amino]pentanoyl]amino]-3-phenylpropanoyl]amino]-7-oxohept-2-enoate",NULL,569.600,C29H39N5O7,183.000,919.000,NULL,41,4,8,17,PRJDINOEQYAYIT-WYMLVPIESA-N,"ethyl (E)-7-amino-4-[[2-[[4-methyl-2-[(5-methyl-1,2-oxazole-3-carbonyl)amino]pentanoyl]amino]-3-phenylpropanoyl]amino]-7-oxohept-2-enoate",NULL,,,NULL,20071205,NULL
22977012,"Ethyl (E)-7-amino-4-[[3-(4-fluorophenyl)-2-[methyl-[4-methyl-2-[(5-methyl-1,2-oxazole-3-carbonyl)amino]pentanoyl]amino]propanoyl]amino]-7-oxohept-2-enoate",NULL,601.700,C30H40FN5O7,174.000,986.000,NULL,43,3,9,17,SBFKUKHKIOGZJR-WYMLVPIESA-N,"ethyl (E)-7-amino-4-[[3-(4-fluorophenyl)-2-[methyl-[4-methyl-2-[(5-methyl-1,2-oxazole-3-carbonyl)amino]pentanoyl]amino]propanoyl]amino]-7-oxohept-2-enoate",NULL,,,NULL,20071205,NULL
23559876,"Benzyl (E)-4-[2-[3-[(5-methyl-1,2-oxazole-3-carbonyl)amino]-2-oxopyridin-1-yl]butanoylamino]-5-(2-oxopyrrolidin-3-yl)pent-2-enoate",NULL,575.600,C30H33N5O7,160.000,1110.000,NULL,42,3,8,13,JCRZIFCWUXJHSS-VAWYXSNFSA-N,"benzyl (E)-4-[2-[3-[(5-methyl-1,2-oxazole-3-carbonyl)amino]-2-oxopyridin-1-yl]butanoylamino]-5-(2-oxopyrrolidin-3-yl)pent-2-enoate",NULL,,,NULL,20071206,NULL
23594721,"[3-(4-Fluorophenyl)-1-oxo-1-[[(E)-1-(2-oxopyrrolidin-3-yl)pent-3-en-2-yl]amino]propan-2-yl] 3-methyl-2-[(5-methyl-1,2-oxazole-3-carbonyl)amino]butanoate",NULL,542.600,C28H35FN4O6,140.000,891.000,NULL,39,3,8,13,UDOLSCZJDUOCTM-AATRIKPKSA-N,"[3-(4-fluorophenyl)-1-oxo-1-[[(E)-1-(2-oxopyrrolidin-3-yl)pent-3-en-2-yl]amino]propan-2-yl] 3-methyl-2-[(5-methyl-1,2-oxazole-3-carbonyl)amino]butanoate",NULL,,,NULL,20071212,NULL
23727975,"Benzyl (3S,4S)-4-[[(2S)-4-methyl-2-[[(2S)-3-methyl-2-[[(2S)-2-[(5-methyl-1,2-oxazole-3-carbonyl)amino]propanoyl]amino]butanoyl]amino]pentanoyl]amino]-5-[(3S)-2-oxopyrrolidin-3-yl]-3-sulfanylpentanoate",NULL,714.900,C35H50N6O8S,199.000,1180.000,NULL,50,6,10,19,NGZBPZVECYCGNM-AHSVMRCDSA-N,"benzyl (3S,4S)-4-[[(2S)-4-methyl-2-[[(2S)-3-methyl-2-[[(2S)-2-[(5-methyl-1,2-oxazole-3-carbonyl)amino]propanoyl]amino]butanoyl]amino]pentanoyl]amino]-5-[(3S)-2-oxopyrrolidin-3-yl]-3-sulfanylpentanoate",NULL,4,1,NULL,20080213,NULL
32045830,"Methyl (2S)-4-methyl-2-[(5-phenyl-1,2-oxazole-3-carbonyl)amino]pentanoate","methyl (2S)-4-methyl-2-[(5-phenyl-1,2-oxazole-3-carbonyl)amino]pentanoate",316.350,C17H20N2O4,81.400,407.000,NULL,23,1,5,7,FRVBHUCZUOZYFR-AWEZNQCLSA-N,"methyl (2S)-4-methyl-2-[(5-phenyl-1,2-oxazole-3-carbonyl)amino]pentanoate",NULL,256,1,NULL,20090529,10.1134/S1070428019040079
32677150,"Benzyl 2-[(5-cyclopropyl-1,2-oxazol-3-yl)formamido]acetate","ZINC25368480|AKOS033915725|MCULE-8508027970|Z245322912|benzyl 2-[(5-cyclopropyl-1,2-oxazol-3-yl)formamido]acetate|1252444-32-8",300.310,C16H16N2O4,81.400,405.000,NULL,22,1,5,7,PCYMTVDPXZYAAI-UHFFFAOYSA-N,"benzyl 2-[(5-cyclopropyl-1,2-oxazole-3-carbonyl)amino]acetate",NULL,,,NULL,20090529,NULL
37258247,"Ethyl 4-[(5-phenyl-1,2-oxazole-3-carbonyl)amino]butanoate",NULL,302.320,C16H18N2O4,81.400,369.000,NULL,22,1,5,8,ZREYQFILLVYYOP-UHFFFAOYSA-N,"ethyl 4-[(5-phenyl-1,2-oxazole-3-carbonyl)amino]butanoate",NULL,,,NULL,20090529,NULL
42627499,"Benzyl (4R)-4-[[(2S)-4-methyl-2-[[(2S)-3-methyl-2-[[(2S)-2-[(5-methyl-1,2-oxazole-3-carbonyl)amino]propanoyl]amino]butanoyl]amino]pentanoyl]amino]-5-[(3S)-2-oxopyrrolidin-3-yl]pentanoate",2q6f,682.800,C35H50N6O8,198.000,1140.000,NULL,49,5,9,19,SWXGTZNJNNYPBX-RQTMNGPMSA-N,"benzyl (4R)-4-[[(2S)-4-methyl-2-[[(2S)-3-methyl-2-[[(2S)-2-[(5-methyl-1,2-oxazole-3-carbonyl)amino]propanoyl]amino]butanoyl]amino]pentanoyl]amino]-5-[(3S)-2-oxopyrrolidin-3-yl]pentanoate",NULL,32774,3,977610,20090702,10.1128/jvi.02114-07
44342479,"Ethyl (E,4S)-4-[[(2R,5S)-2-[(4-fluorophenyl)methyl]-7-methyl-5-[(5-methyl-1,2-oxazole-3-carbonyl)amino]-4-oxooctanoyl]amino]-5-[(3S)-2-oxopyrrolidin-3-yl]pent-2-enoate",CHEMBL327058|BDBM50084671|4-{2-(4-Fluoro-benzyl)-7-methyl-5-[(5-methyl-isoxazole-3-carbonyl)-amino]-4-oxo-octanoylamino}-5-(2-oxo-pyrrolidin-3-yl)-pent-2-enoic acid ethyl ester(AG7088),612.700,C32H41FN4O7,157.000,1030.000,NULL,44,3,9,17,QUVSUMVCSBNNNS-SZEOJMJRSA-N,"ethyl (E,4S)-4-[[(2R,5S)-2-[(4-fluorophenyl)methyl]-7-methyl-5-[(5-methyl-1,2-oxazole-3-carbonyl)amino]-4-oxooctanoyl]amino]-5-[(3S)-2-oxopyrrolidin-3-yl]pent-2-enoate",NULL,,,NULL,20091119,NULL
44404017,"Ethyl (E,4S)-4-[[(5S)-2-[(4-fluorophenyl)methyl]-6-methyl-5-[(5-methyl-1,2-oxazole-3-carbonyl)amino]-4-oxoheptanoyl]amino]-5-[(3S)-2-oxopyrrolidin-3-yl]pent-2-enoate",CHEMBL196253,598.700,C31H39FN4O7,157.000,1010.000,NULL,43,3,9,16,CAYJBRBGZBCZKO-VNLPBREVSA-N,"ethyl (E,4S)-4-[[(5S)-2-[(4-fluorophenyl)methyl]-6-methyl-5-[(5-methyl-1,2-oxazole-3-carbonyl)amino]-4-oxoheptanoyl]amino]-5-[(3S)-2-oxopyrrolidin-3-yl]pent-2-enoate",NULL,18,2,256078,20091119,10.1021/jm050548m
46398807,"Benzyl (4R)-4-[[(2S)-4-methyl-2-[[(2S)-3-methyl-2-[[(2S)-2-[(5-methyl-1,2-oxazole-3-carbonyl)amino]propanoyl]amino]butanoyl]amino]pentanoyl]amino]-5-(2-oxopyrrolidin-3-yl)pentanoate",NULL,682.800,C35H50N6O8,198.000,1140.000,NULL,49,5,9,19,SWXGTZNJNNYPBX-MHNXYZAVSA-N,"benzyl (4R)-4-[[(2S)-4-methyl-2-[[(2S)-3-methyl-2-[[(2S)-2-[(5-methyl-1,2-oxazole-3-carbonyl)amino]propanoyl]amino]butanoyl]amino]pentanoyl]amino]-5-(2-oxopyrrolidin-3-yl)pentanoate",NULL,4,1,NULL,20100722,NULL
46398808,"Benzyl (4R)-5-[(2S,3S)-2-hydroxypyrrolidin-3-yl]-4-[[(2S)-4-methyl-2-[[(2S)-3-methyl-2-[[(2S)-2-[(5-methyl-1,2-oxazole-3-carbonyl)amino]propanoyl]amino]butanoyl]amino]pentanoyl]amino]pentanoate",NULL,684.800,C35H52N6O8,201.000,1100.000,NULL,49,6,10,19,LHGYKGNIGNZJSJ-CLMLZYDKSA-N,"benzyl (4R)-5-[(2S,3S)-2-hydroxypyrrolidin-3-yl]-4-[[(2S)-4-methyl-2-[[(2S)-3-methyl-2-[[(2S)-2-[(5-methyl-1,2-oxazole-3-carbonyl)amino]propanoyl]amino]butanoyl]amino]pentanoyl]amino]pentanoate",NULL,4,1,NULL,20100722,NULL
46936345,"Ethyl (4S)-4-[[(2R,5S)-2-[(4-fluorophenyl)methyl]-6-methyl-5-[(5-methyl-1,2-oxazole-3-carbonyl)amino]-4-oxoheptanoyl]amino]-5-[(3S)-2-oxopyrrolidin-3-yl]pentanoate","ethyl (4S)-4-[(2R,5S)-2-[(4-fluorophenyl)methyl]-6-methyl-5-[(5-methyl-1,2-oxazol-3-yl)formamido]-4-oxoheptanamido]-5-[(3S)-2-oxopyrrolidin-3-yl]pentanoate",600.700,C31H41FN4O7,157.000,972.000,NULL,43,3,9,17,LMIUALQNZXJHOG-TYFYUWPDSA-N,"ethyl (4S)-4-[[(2R,5S)-2-[(4-fluorophenyl)methyl]-6-methyl-5-[(5-methyl-1,2-oxazole-3-carbonyl)amino]-4-oxoheptanoyl]amino]-5-[(3S)-2-oxopyrrolidin-3-yl]pentanoate",NULL,,,NULL,20101109,NULL
50984109,"Benzyl N-[1-(5-propan-2-yl-1,2-oxazole-3-carbonyl)pyrrolidin-3-yl]carbamate",MCULE-7541916820|benzyl {1-[(5-isopropylisoxazol-3-yl)carbonyl]pyrrolidin-3-yl}carbamate,357.400,C19H23N3O4,84.700,493.000,NULL,26,1,5,6,PRUKLNWDRCXNLW-UHFFFAOYSA-N,"benzyl N-[1-(5-propan-2-yl-1,2-oxazole-3-carbonyl)pyrrolidin-3-yl]carbamate",NULL,,,NULL,20110329,NULL
51092756,"Ethyl 4-{[(5-methyl-1,2-oxazol-3-yl)formamido]methyl}benzoate","ZINC56996615|AKOS029897051|MCULE-1577159184|Z814837336|ethyl 4-{[(5-methyl-1,2-oxazol-3-yl)formamido]methyl}benzoate|1252114-95-6",288.300,C15H16N2O4,81.400,367.000,NULL,21,1,5,6,NLVVCZOBMIZLPW-UHFFFAOYSA-N,"ethyl 4-[[(5-methyl-1,2-oxazole-3-carbonyl)amino]methyl]benzoate",NULL,,,NULL,20110503,NULL
51130907,"Methyl 4-methyl-2-{2-[(5-phenyl-1,2-oxazol-3-yl)formamido]acetamido}pentanoate","AKOS034763209|MCULE-2320415968|Z981803114|methyl 4-methyl-2-{2-[(5-phenyl-1,2-oxazol-3-yl)formamido]acetamido}pentanoate",373.400,C19H23N3O5,111.000,520.000,NULL,27,2,6,9,WRURTRJEMGQBQX-UHFFFAOYSA-N,"methyl 4-methyl-2-[[2-[(5-phenyl-1,2-oxazole-3-carbonyl)amino]acetyl]amino]pentanoate",NULL,,,NULL,20110503,NULL
51166706,"Benzyl 2-[(5-methyl-1,2-oxazole-3-carbonyl)amino]acetate",SCHEMBL18759229|AKOS008608274,274.270,C14H14N2O4,81.400,342.000,1.600,20,1,5,6,TXODVZSOPXMBHJ-UHFFFAOYSA-N,"benzyl 2-[(5-methyl-1,2-oxazole-3-carbonyl)amino]acetate",NULL,1024,1,NULL,20110503,NULL
51257011,"Propan-2-yl 3-[(5-methyl-1,2-oxazole-3-carbonyl)amino]-3-phenylpropanoate",NULL,316.350,C17H20N2O4,81.400,407.000,NULL,23,1,5,7,WGIMPRKGMIQDRO-UHFFFAOYSA-N,"propan-2-yl 3-[(5-methyl-1,2-oxazole-3-carbonyl)amino]-3-phenylpropanoate",NULL,,,NULL,20110503,NULL
51266980,"Propan-2-yl 3-[(5-phenyl-1,2-oxazole-3-carbonyl)amino]propanoate",NULL,302.320,C16H18N2O4,81.400,380.000,NULL,22,1,5,7,ONYXBHBYRFWKGG-UHFFFAOYSA-N,"propan-2-yl 3-[(5-phenyl-1,2-oxazole-3-carbonyl)amino]propanoate",NULL,,,NULL,20110503,NULL
51270462,"Methyl 4-methyl-2-[(5-phenyl-1,2-oxazole-3-carbonyl)amino]pentanoate",NULL,316.350,C17H20N2O4,81.400,407.000,NULL,23,1,5,7,FRVBHUCZUOZYFR-UHFFFAOYSA-N,"methyl 4-methyl-2-[(5-phenyl-1,2-oxazole-3-carbonyl)amino]pentanoate",NULL,,,NULL,20110503,NULL
52515104,"Methyl (2S)-4-methyl-2-[[2-[(5-phenyl-1,2-oxazole-3-carbonyl)amino]acetyl]amino]pentanoate",ZINC58228286,373.400,C19H23N3O5,111.000,520.000,NULL,27,2,6,9,WRURTRJEMGQBQX-HNNXBMFYSA-N,"methyl (2S)-4-methyl-2-[[2-[(5-phenyl-1,2-oxazole-3-carbonyl)amino]acetyl]amino]pentanoate",NULL,,,NULL,20110520,NULL
52515106,"Methyl (2R)-4-methyl-2-[[2-[(5-phenyl-1,2-oxazole-3-carbonyl)amino]acetyl]amino]pentanoate",ZINC58228289,373.400,C19H23N3O5,111.000,520.000,NULL,27,2,6,9,WRURTRJEMGQBQX-OAHLLOKOSA-N,"methyl (2R)-4-methyl-2-[[2-[(5-phenyl-1,2-oxazole-3-carbonyl)amino]acetyl]amino]pentanoate",NULL,,,NULL,20110520,NULL
53831067,"Ethyl (4S)-7-amino-4-[[(2S)-2-[methyl-[(2S)-4-methyl-2-[(5-methyl-1,2-oxazole-3-carbonyl)amino]pentanoyl]amino]-3-phenylpropanoyl]amino]-7-oxohept-2-enoate",NULL,583.700,C30H41N5O7,174.000,950.000,NULL,42,3,8,17,GCMBSRPWEFZQKW-HVCNVCAESA-N,"ethyl (4S)-7-amino-4-[[(2S)-2-[methyl-[(2S)-4-methyl-2-[(5-methyl-1,2-oxazole-3-carbonyl)amino]pentanoyl]amino]-3-phenylpropanoyl]amino]-7-oxohept-2-enoate",NULL,1040,2,NULL,20111204,NULL
54296624,"Ethyl (4S)-7-amino-4-[[(2S)-3-(4-fluorophenyl)-2-[methyl-[(2S)-4-methyl-2-[(5-methyl-1,2-oxazole-3-carbonyl)amino]pentanoyl]amino]propanoyl]amino]-7-oxohept-2-enoate",NULL,601.700,C30H40FN5O7,174.000,986.000,NULL,43,3,9,17,SBFKUKHKIOGZJR-HVCNVCAESA-N,"ethyl (4S)-7-amino-4-[[(2S)-3-(4-fluorophenyl)-2-[methyl-[(2S)-4-methyl-2-[(5-methyl-1,2-oxazole-3-carbonyl)amino]pentanoyl]amino]propanoyl]amino]-7-oxohept-2-enoate",NULL,1040,2,NULL,20111204,NULL
56292104,"N-[2-(3-Butoxypropylamino)-2-oxoethyl]-5-phenyl-1,2-oxazole-3-carboxamide",AKOS007633834,359.400,C19H25N3O4,93.500,427.000,NULL,26,2,5,11,RMSBGAXVXOYLGJ-UHFFFAOYSA-N,"N-[2-(3-butoxypropylamino)-2-oxoethyl]-5-phenyl-1,2-oxazole-3-carboxamide",NULL,,,NULL,20120125,NULL
56296815,"N-[2-[Ethyl(oxolan-3-ylmethyl)amino]-2-oxoethyl]-5-phenyl-1,2-oxazole-3-carboxamide",AKOS007638551,357.400,C19H23N3O4,84.700,481.000,NULL,26,1,5,7,KTMRHNSLXZEEQR-UHFFFAOYSA-N,"N-[2-[ethyl(oxolan-3-ylmethyl)amino]-2-oxoethyl]-5-phenyl-1,2-oxazole-3-carboxamide",NULL,,,NULL,20120125,NULL
56394366,"Ethyl 1-[2-[methyl-[2-[(5-phenyl-1,2-oxazole-3-carbonyl)amino]acetyl]amino]acetyl]piperidine-4-carboxylate",AKOS007736323,456.500,C23H28N4O6,122.000,703.000,NULL,33,1,7,9,OBDZMCUFULUSKT-UHFFFAOYSA-N,"ethyl 1-[2-[methyl-[2-[(5-phenyl-1,2-oxazole-3-carbonyl)amino]acetyl]amino]acetyl]piperidine-4-carboxylate",NULL,,,NULL,20120125,NULL
58593544,"[(2S)-3-(4-Fluorophenyl)-1-oxo-1-[[(E,2S)-1-[(3S)-2-oxopyrrolidin-3-yl]pent-3-en-2-yl]amino]propan-2-yl] (2S)-3-methyl-2-[(5-methyl-1,2-oxazole-3-carbonyl)amino]butanoate",NULL,542.600,C28H35FN4O6,140.000,891.000,NULL,39,3,8,13,UDOLSCZJDUOCTM-QWYGZAHKSA-N,"[(2S)-3-(4-fluorophenyl)-1-oxo-1-[[(E,2S)-1-[(3S)-2-oxopyrrolidin-3-yl]pent-3-en-2-yl]amino]propan-2-yl] (2S)-3-methyl-2-[(5-methyl-1,2-oxazole-3-carbonyl)amino]butanoate",NULL,1040,2,NULL,20120819,NULL
59016365,"Ethyl (E,4S)-4-[[(2S)-3-(4-fluorophenyl)-2-[[(2S)-3-methyl-2-[(5-methyl-1,2-oxazole-3-carbonyl)amino]butanoyl]amino]propanoyl]amino]-5-(2-oxopyrrolidin-3-yl)pent-2-enoate",SCHEMBL8040325,599.600,C30H38FN5O7,169.000,1020.000,NULL,43,4,9,15,JSJRYDPMCHPLOL-PXNACGBOSA-N,"ethyl (E,4S)-4-[[(2S)-3-(4-fluorophenyl)-2-[[(2S)-3-methyl-2-[(5-methyl-1,2-oxazole-3-carbonyl)amino]butanoyl]amino]propanoyl]amino]-5-(2-oxopyrrolidin-3-yl)pent-2-enoate",NULL,1040,2,NULL,20120819,NULL
59038108,"N-[1-[(2S)-1-[[(2S,3E)-1-[(3S)-1-Deuterio-2-oxopyrrolidin-3-yl]-3-(2-oxooxolan-3-ylidene)propan-2-yl]amino]-3-(4-fluorophenyl)-1-oxopropan-2-yl]-2-oxopyridin-3-yl]-5-methyl-1,2-oxazole-3-carboxamide",NULL,592.600,C30H30FN5O7,160.000,1210.000,NULL,43,3,9,10,SYRRIXCEQDEKDO-IVYFYJDCSA-N,"N-[1-[(2S)-1-[[(2S,3E)-1-[(3S)-1-deuterio-2-oxopyrrolidin-3-yl]-3-(2-oxooxolan-3-ylidene)propan-2-yl]amino]-3-(4-fluorophenyl)-1-oxopropan-2-yl]-2-oxopyridin-3-yl]-5-methyl-1,2-oxazole-3-carboxamide",NULL,1040,2,NULL,20120819,NULL
59038148,"N-[1-[(2S)-3-(4-Fluorophenyl)-1-oxo-1-[[(1E,2S)-1-(2-oxooxolan-3-ylidene)-3-[(3S)-2-oxopyrrolidin-3-yl]propan-2-yl]amino]propan-2-yl]-2-oxopyridin-3-yl]-5-methyl-1,2-oxazole-3-carboxamide",NULL,591.600,C30H30FN5O7,160.000,1210.000,NULL,43,3,9,10,SYRRIXCEQDEKDO-SDZDJANQSA-N,"N-[1-[(2S)-3-(4-fluorophenyl)-1-oxo-1-[[(1E,2S)-1-(2-oxooxolan-3-ylidene)-3-[(3S)-2-oxopyrrolidin-3-yl]propan-2-yl]amino]propan-2-yl]-2-oxopyridin-3-yl]-5-methyl-1,2-oxazole-3-carboxamide",NULL,1040,2,NULL,20120819,NULL
59217745,"Benzyl (2S)-2-[[(2S)-3-methoxy-2-[(5-methyl-1,2-oxazole-3-carbonyl)amino]propanoyl]amino]propanoate",SCHEMBL8137231,389.400,C19H23N3O6,120.000,538.000,NULL,28,2,7,10,JOGOREIQRMCLII-BBRMVZONSA-N,"benzyl (2S)-2-[[(2S)-3-methoxy-2-[(5-methyl-1,2-oxazole-3-carbonyl)amino]propanoyl]amino]propanoate",NULL,1040,2,NULL,20120820,NULL
60309979,"Benzyl (2S)-4-methyl-2-[(3-methyl-1,2-oxazole-5-carbonyl)amino]pentanoate",AKOS008259374,330.400,C18H22N2O4,81.400,421.000,NULL,24,1,5,8,ZRTQCBHMWFCCPL-HNNXBMFYSA-N,"benzyl (2S)-4-methyl-2-[(3-methyl-1,2-oxazole-5-carbonyl)amino]pentanoate",NULL,,,NULL,20121018,NULL
60349670,"Methyl (2S)-3-methyl-2-[(5-phenyl-1,2-oxazole-3-carbonyl)amino]butanoate",AKOS008311876,302.320,C16H18N2O4,81.400,394.000,NULL,22,1,5,6,KVPVPPHMMIMILJ-AWEZNQCLSA-N,"methyl (2S)-3-methyl-2-[(5-phenyl-1,2-oxazole-3-carbonyl)amino]butanoate",NULL,,,NULL,20121018,NULL
60590341,"Ethyl 3-[(5-cyclopropyl-1,2-oxazole-3-carbonyl)amino]-3-phenylpropanoate",AKOS008855854,328.400,C18H20N2O4,81.400,446.000,NULL,24,1,5,8,HIKYTKDAWZCDSR-UHFFFAOYSA-N,"ethyl 3-[(5-cyclopropyl-1,2-oxazole-3-carbonyl)amino]-3-phenylpropanoate",NULL,,,NULL,20121018,NULL
61342950,"Ethyl 2-[(5-phenyl-1,2-oxazole-3-carbonyl)amino]propanoate",AKOS010598354,288.300,C15H16N2O4,81.400,369.000,NULL,21,1,5,6,QDOZEBNEIRQRDN-UHFFFAOYSA-N,"ethyl 2-[(5-phenyl-1,2-oxazole-3-carbonyl)amino]propanoate",NULL,,,NULL,20121019,NULL
61809103,"Ethyl 3-[(5-phenyl-1,2-oxazole-3-carbonyl)amino]propanoate",SCHEMBL17079168|AKOS011082075,288.300,C15H16N2O4,81.400,356.000,NULL,21,1,5,7,MBEWFXFQQGHFJV-UHFFFAOYSA-N,"ethyl 3-[(5-phenyl-1,2-oxazole-3-carbonyl)amino]propanoate",NULL,1040,2,NULL,20121022,NULL
68012547,"Ethyl (E,4S)-4-[[(2S,5S)-2-[(4-fluorophenyl)methyl]-6-methyl-5-[(5-methyl-1,2-oxazole-3-carbonyl)amino]-4-oxoheptanoyl]amino]-5-(2-oxopyrrolidin-3-yl)pent-2-enoate",SCHEMBL10030127,598.700,C31H39FN4O7,157.000,1010.000,NULL,43,3,9,16,CAYJBRBGZBCZKO-XNCGWURQSA-N,"ethyl (E,4S)-4-[[(2S,5S)-2-[(4-fluorophenyl)methyl]-6-methyl-5-[(5-methyl-1,2-oxazole-3-carbonyl)amino]-4-oxoheptanoyl]amino]-5-(2-oxopyrrolidin-3-yl)pent-2-enoate",NULL,1040,2,NULL,20121130,NULL
69866278,"Ethyl 4-[[2-[(4-fluorophenyl)methyl]-6-methyl-5-[(5-methyl-1,2-oxazole-3-carbonyl)amino]-4-oxoheptanoyl]amino]-5-(2-oxopyrrolidin-3-yl)pent-2-enoate","223537-30-2|(S,E)-ethyl 4-((2R,5S)-2-(4-fluorobenzyl)-6-methyl-5-(5-methylisoxazole-3-carboxamido)-4-oxoheptanamido)-5-((S)-2-oxopyrrolidin-3-yl)pent-2-enoate|CTK8E8072|KS-00001844",598.700,C31H39FN4O7,157.000,1010.000,NULL,43,3,9,16,CAYJBRBGZBCZKO-UHFFFAOYSA-N,"ethyl 4-[[2-[(4-fluorophenyl)methyl]-6-methyl-5-[(5-methyl-1,2-oxazole-3-carbonyl)amino]-4-oxoheptanoyl]amino]-5-(2-oxopyrrolidin-3-yl)pent-2-enoate",NULL,1040,2,NULL,20121201,NULL
70316404,"Ethyl (E)-4-[[(2S)-3-(4-fluorophenyl)-2-[[3-methyl-2-[(5-methyl-1,2-oxazole-3-carbonyl)amino]butanoyl]amino]propanoyl]amino]-5-(2-oxopyrrolidin-3-yl)pent-2-enoate",SCHEMBL8243335,599.600,C30H38FN5O7,169.000,1020.000,NULL,43,4,9,15,JSJRYDPMCHPLOL-JZKWFUCHSA-N,"ethyl (E)-4-[[(2S)-3-(4-fluorophenyl)-2-[[3-methyl-2-[(5-methyl-1,2-oxazole-3-carbonyl)amino]butanoyl]amino]propanoyl]amino]-5-(2-oxopyrrolidin-3-yl)pent-2-enoate",NULL,1024,1,NULL,20121201,NULL
71752144,"Ethyl (E,4S)-4-[[(2R,5S)-5-[[4-deuterio-5-(trideuteriomethyl)-1,2-oxazole-3-carbonyl]amino]-2-[(4-fluorophenyl)methyl]-6-methyl-4-oxoheptanoyl]amino]-5-[(3S)-2-oxopyrrolidin-3-yl]pent-2-enoate","Rupintrivir-d4|AG 7088-d4|(2E,4S)-4-[[(2R,5S)-2-[(4-Fluorophenyl)methyl]-6-methyl-5-[[(5-methyl-3-isoxazolyl-d4)carbonyl]amino]-1,4-dioxoheptyl]amino]-5-[(3S)-2-oxo-3-pyrrolidinyl]-2-pentenoic Acid",602.700,C31H39FN4O7,157.000,1010.000,NULL,43,3,9,16,CAYJBRBGZBCZKO-FMUMRBLNSA-N,"ethyl (E,4S)-4-[[(2R,5S)-5-[[4-deuterio-5-(trideuteriomethyl)-1,2-oxazole-3-carbonyl]amino]-2-[(4-fluorophenyl)methyl]-6-methyl-4-oxoheptanoyl]amino]-5-[(3S)-2-oxopyrrolidin-3-yl]pent-2-enoate",NULL,,,NULL,20131101,NULL
73025171,CID 73025171,NULL,680.800,C35H48N6O8,198.000,1190.000,NULL,49,5,9,18,IDBWWEGDLCFCTD-UHFFFAOYSA-N,"benzyl 4-[[4-methyl-2-[[3-methyl-2-[2-[(5-methyl-1,2-oxazole-3-carbonyl)amino]propanoylamino]butanoyl]amino]pentanoyl]amino]-5-(2-oxopyrrolidin-3-yl)pent-2-enoate",NULL,,,NULL,20140307,NULL
74062695,"Benzyl 4-[2-[3-[(5-methyl-1,2-oxazole-3-carbonyl)amino]-2-oxopyridin-1-yl]butanoylamino]-5-(2-oxopyrrolidin-3-yl)pent-2-enoate",NULL,575.600,C30H33N5O7,160.000,1110.000,NULL,42,3,8,13,JCRZIFCWUXJHSS-UHFFFAOYSA-N,"benzyl 4-[2-[3-[(5-methyl-1,2-oxazole-3-carbonyl)amino]-2-oxopyridin-1-yl]butanoylamino]-5-(2-oxopyrrolidin-3-yl)pent-2-enoate",NULL,1040,2,NULL,20140606,NULL
74241334,"Benzyl 3-[[(5-methyl-1,2-oxazole-3-carbonyl)amino]methyl]piperidine-1-carboxylate",benzyl 3-({[(5-methylisoxazol-3-yl)carbonyl]amino}methyl)piperidine-1-carboxylate,357.400,C19H23N3O4,84.700,481.000,NULL,26,1,5,6,KIGJZBYJWFBJTC-UHFFFAOYSA-N,"benzyl 3-[[(5-methyl-1,2-oxazole-3-carbonyl)amino]methyl]piperidine-1-carboxylate",NULL,,,NULL,20140609,NULL
78412247,"Ethyl 7-amino-4-[[2-[4-methyl-3-[(5-methyl-1,2-oxazole-3-carbonyl)amino]-2-oxopyridin-1-yl]-3-phenylpropanoyl]amino]-7-oxohept-2-enoate",NULL,563.600,C29H33N5O7,174.000,1080.000,NULL,41,3,8,14,PMLXJMVSESGFEC-UHFFFAOYSA-N,"ethyl 7-amino-4-[[2-[4-methyl-3-[(5-methyl-1,2-oxazole-3-carbonyl)amino]-2-oxopyridin-1-yl]-3-phenylpropanoyl]amino]-7-oxohept-2-enoate",NULL,1040,2,NULL,20141013,NULL
78412248,"Ethyl 4-[[3-(4-fluorophenyl)-2-[3-[(5-methyl-1,2-oxazole-3-carbonyl)amino]-2-oxopyridin-1-yl]propanoyl]amino]-5-(2-oxopyrrolidin-3-yl)pent-2-enoate",NULL,593.600,C30H32FN5O7,160.000,1150.000,NULL,43,3,9,13,DPSADWBPDLMTOY-UHFFFAOYSA-N,"ethyl 4-[[3-(4-fluorophenyl)-2-[3-[(5-methyl-1,2-oxazole-3-carbonyl)amino]-2-oxopyridin-1-yl]propanoyl]amino]-5-(2-oxopyrrolidin-3-yl)pent-2-enoate",NULL,1040,2,NULL,20141013,NULL
90325680,"N-(Oxolan-3-ylmethyl)-5-(3-phenylmethoxypropyl)-1,2-oxazole-3-carboxamide",SCHEMBL15931511|ZTEMPDFKRNVCGH-UHFFFAOYSA-N|N-(tetrahydrofuran-3-ylmethyl)-5-(3-benzyloxypropyl)isoxazole-3-carboxamide,344.400,C19H24N2O4,73.600,401.000,NULL,25,1,5,9,ZTEMPDFKRNVCGH-UHFFFAOYSA-N,"N-(oxolan-3-ylmethyl)-5-(3-phenylmethoxypropyl)-1,2-oxazole-3-carboxamide",NULL,1040,2,NULL,20150213,NULL
90325681,"N-(Oxolan-3-ylmethyl)-5-(5-phenylmethoxypentyl)-1,2-oxazole-3-carboxamide",SCHEMBL15931512|PHJHETBIZLHQOJ-UHFFFAOYSA-N|N-(tetrahydrofuran-3-ylmethyl)-5-(5-benzyloxypentyl)isoxazole-3-carboxamide,372.500,C21H28N2O4,73.600,428.000,NULL,27,1,5,11,PHJHETBIZLHQOJ-UHFFFAOYSA-N,"N-(oxolan-3-ylmethyl)-5-(5-phenylmethoxypentyl)-1,2-oxazole-3-carboxamide",NULL,1040,2,NULL,20150213,NULL
90325839,"N-(Oxolan-3-ylmethyl)-5-(6-phenylmethoxyhexyl)-1,2-oxazole-3-carboxamide",SCHEMBL15931693|TXYFYHUXVNRPBM-UHFFFAOYSA-N|N-(tetrahydrofuran-3-ylmethyl)-5-(6-benzyloxyhexyl)isoxazole-3-carboxamide,386.500,C22H30N2O4,73.600,442.000,NULL,28,1,5,12,TXYFYHUXVNRPBM-UHFFFAOYSA-N,"N-(oxolan-3-ylmethyl)-5-(6-phenylmethoxyhexyl)-1,2-oxazole-3-carboxamide",NULL,1040,2,NULL,20150213,NULL
90325947,"N-(Oxolan-3-ylmethyl)-5-(4-phenylmethoxybutyl)-1,2-oxazole-3-carboxamide",SCHEMBL15931819|PAGMKBALAXZLOA-UHFFFAOYSA-N|N-(tetrahydrofuran-3-ylmethyl)-5-(4-benzyloxybutyl)isoxazole-3-carboxamide,358.400,C20H26N2O4,73.600,415.000,NULL,26,1,5,10,PAGMKBALAXZLOA-UHFFFAOYSA-N,"N-(oxolan-3-ylmethyl)-5-(4-phenylmethoxybutyl)-1,2-oxazole-3-carboxamide",NULL,1040,2,NULL,20150213,NULL
90784389,"N-[1-[(2S)-1-[[(2S)-1-[(3S)-1-Deuterio-2-oxopyrrolidin-3-yl]-3-(2-oxooxolan-3-ylidene)propan-2-yl]amino]-3-(4-fluorophenyl)-1-oxopropan-2-yl]-2-oxopyridin-3-yl]-5-methyl-1,2-oxazole-3-carboxamide",NULL,592.600,C30H30FN5O7,160.000,1210.000,NULL,43,3,9,10,SYRRIXCEQDEKDO-NSSSWZFHSA-N,"N-[1-[(2S)-1-[[(2S)-1-[(3S)-1-deuterio-2-oxopyrrolidin-3-yl]-3-(2-oxooxolan-3-ylidene)propan-2-yl]amino]-3-(4-fluorophenyl)-1-oxopropan-2-yl]-2-oxopyridin-3-yl]-5-methyl-1,2-oxazole-3-carboxamide",NULL,1040,2,NULL,20150316,NULL
90972871,"N-[(3S,6R)-6-[(4-Fluorophenyl)methyl]-2-methyl-4,7-dioxo-7-[[(2S)-1-(2-oxooxolan-3-ylidene)-3-[(3S)-2-oxopyrrolidin-3-yl]propan-2-yl]amino]heptan-3-yl]-5-methyl-1,2-oxazole-3-carboxamide",NULL,596.600,C31H37FN4O7,157.000,1070.000,NULL,43,3,9,13,CALKYRSEXBYKAI-QNKJOHNESA-N,"N-[(3S,6R)-6-[(4-fluorophenyl)methyl]-2-methyl-4,7-dioxo-7-[[(2S)-1-(2-oxooxolan-3-ylidene)-3-[(3S)-2-oxopyrrolidin-3-yl]propan-2-yl]amino]heptan-3-yl]-5-methyl-1,2-oxazole-3-carboxamide",NULL,1040,2,NULL,20150317,NULL
91060557,"Benzyl N-[1-[(2S)-1-[[(E,4S)-7-amino-7-oxohept-2-en-4-yl]amino]-1-oxo-3-phenylpropan-2-yl]-2-oxopyridin-3-yl]carbamate;5-methyl-N-[2-oxo-1-[(2S)-1-oxo-1-[[(E,2S)-1-[(3S)-2-oxopyrrolidin-3-yl]pent-3-en-2-yl]amino]butan-2-yl]pyridin-3-yl]-1,2-oxazole-3-carboxamide",NULL,972.100,C52H61N9O10,265.000,1780.000,NULL,71,6,11,22,VZTQCFRRCYKJCZ-TYFHLYSDSA-N,"benzyl N-[1-[(2S)-1-[[(E,4S)-7-amino-7-oxohept-2-en-4-yl]amino]-1-oxo-3-phenylpropan-2-yl]-2-oxopyridin-3-yl]carbamate;5-methyl-N-[2-oxo-1-[(2S)-1-oxo-1-[[(E,2S)-1-[(3S)-2-oxopyrrolidin-3-yl]pent-3-en-2-yl]amino]butan-2-yl]pyridin-3-yl]-1,2-oxazole-3-carboxamide",NULL,1040,2,NULL,20150317,NULL
91069567,"Propan-2-yl (4S)-4-[[(2S)-2-[3-[(5-methyl-1,2-oxazole-3-carbonyl)amino]-2-oxopyridin-1-yl]-3-phenylpropanoyl]amino]-5-[(3S)-2-oxopyrrolidin-3-yl]pent-2-enoate",NULL,589.600,C31H35N5O7,160.000,1140.000,NULL,43,3,8,13,GDKSFXZDBNFUIQ-ZEVJAHDQSA-N,"propan-2-yl (4S)-4-[[(2S)-2-[3-[(5-methyl-1,2-oxazole-3-carbonyl)amino]-2-oxopyridin-1-yl]-3-phenylpropanoyl]amino]-5-[(3S)-2-oxopyrrolidin-3-yl]pent-2-enoate",NULL,1040,2,NULL,20150317,NULL
91074287,"Ethyl (4S)-4-[[(2S)-3-(4-fluorophenyl)-2-[[(2S)-3-methyl-2-[(5-methyl-1,2-oxazole-3-carbonyl)amino]butanoyl]amino]propanoyl]amino]-5-(2-oxopyrrolidin-3-yl)pent-2-enoate",NULL,599.600,C30H38FN5O7,169.000,1020.000,NULL,43,4,9,15,JSJRYDPMCHPLOL-IMVJZJNFSA-N,"ethyl (4S)-4-[[(2S)-3-(4-fluorophenyl)-2-[[(2S)-3-methyl-2-[(5-methyl-1,2-oxazole-3-carbonyl)amino]butanoyl]amino]propanoyl]amino]-5-(2-oxopyrrolidin-3-yl)pent-2-enoate",NULL,1040,2,NULL,20150317,NULL
91085238,"Ethyl (4S)-7-amino-4-[[(2S)-2-[[(2S)-4-methyl-2-[(5-methyl-1,2-oxazole-3-carbonyl)amino]pentanoyl]amino]-3-phenylpropanoyl]amino]-7-oxohept-2-enoate",NULL,569.600,C29H39N5O7,183.000,919.000,NULL,41,4,8,17,PRJDINOEQYAYIT-VABKMULXSA-N,"ethyl (4S)-7-amino-4-[[(2S)-2-[[(2S)-4-methyl-2-[(5-methyl-1,2-oxazole-3-carbonyl)amino]pentanoyl]amino]-3-phenylpropanoyl]amino]-7-oxohept-2-enoate",NULL,1040,2,NULL,20150317,NULL
91104078,"Cyclopentyl (4S)-4-[[(2S)-3-(3,4-difluorophenyl)-2-[3-[(5-methyl-1,2-oxazole-3-carbonyl)amino]-2-oxopyridin-1-yl]propanoyl]amino]-5-[(3S)-2-oxopyrrolidin-3-yl]pent-2-enoate",NULL,651.700,C33H35F2N5O7,160.000,1290.000,NULL,47,3,10,13,CUXVCXTXZGIJIV-TYPXCFOJSA-N,"cyclopentyl (4S)-4-[[(2S)-3-(3,4-difluorophenyl)-2-[3-[(5-methyl-1,2-oxazole-3-carbonyl)amino]-2-oxopyridin-1-yl]propanoyl]amino]-5-[(3S)-2-oxopyrrolidin-3-yl]pent-2-enoate",NULL,1040,2,NULL,20150317,NULL
91218291,"N-[1-[(2S)-1-[[(E,4S)-7-Amino-7-oxohept-2-en-4-yl]amino]-1-oxo-3-phenylpropan-2-yl]-4-methyl-2-oxopyridin-3-yl]-5-methyl-1,2-oxazole-3-carboxamide;benzyl N-[2-oxo-1-[(2S)-1-oxo-1-[[(E,2S)-1-[(3S)-2-oxopyrrolidin-3-yl]pent-3-en-2-yl]amino]-3-phenylpropan-2-yl]pyridin-3-yl]carbamate",NULL,1048.200,C58H65N9O10,265.000,1950.000,NULL,77,6,11,23,JRBQBOZZIAFEFA-ZQOHUTPOSA-N,"N-[1-[(2S)-1-[[(E,4S)-7-amino-7-oxohept-2-en-4-yl]amino]-1-oxo-3-phenylpropan-2-yl]-4-methyl-2-oxopyridin-3-yl]-5-methyl-1,2-oxazole-3-carboxamide;benzyl N-[2-oxo-1-[(2S)-1-oxo-1-[[(E,2S)-1-[(3S)-2-oxopyrrolidin-3-yl]pent-3-en-2-yl]amino]-3-phenylpropan-2-yl]pyridin-3-yl]carbamate",NULL,1040,2,NULL,20150317,NULL
91328107,"N-[1-[(2S)-3-(4-Fluorophenyl)-1-oxo-1-[[(2S)-1-(2-oxooxolan-3-ylidene)-3-[(3S)-2-oxopyrrolidin-3-yl]propan-2-yl]amino]propan-2-yl]-2-oxopyridin-3-yl]-5-methyl-1,2-oxazole-3-carboxamide",NULL,591.600,C30H30FN5O7,160.000,1210.000,NULL,43,3,9,10,SYRRIXCEQDEKDO-JTJYXVOQSA-N,"N-[1-[(2S)-3-(4-fluorophenyl)-1-oxo-1-[[(2S)-1-(2-oxooxolan-3-ylidene)-3-[(3S)-2-oxopyrrolidin-3-yl]propan-2-yl]amino]propan-2-yl]-2-oxopyridin-3-yl]-5-methyl-1,2-oxazole-3-carboxamide",NULL,1040,2,NULL,20150317,NULL
91410415,"Cyclohexyl (4S)-4-[[(2S)-3-(3,4-difluorophenyl)-2-[3-[(5-methyl-1,2-oxazole-3-carbonyl)amino]-2-oxopyridin-1-yl]propanoyl]amino]-5-[(3S)-2-oxopyrrolidin-3-yl]pent-2-enoate",NULL,665.700,C34H37F2N5O7,160.000,1300.000,NULL,48,3,10,13,QSBDBZXLLULSKR-CTWZREHQSA-N,"cyclohexyl (4S)-4-[[(2S)-3-(3,4-difluorophenyl)-2-[3-[(5-methyl-1,2-oxazole-3-carbonyl)amino]-2-oxopyridin-1-yl]propanoyl]amino]-5-[(3S)-2-oxopyrrolidin-3-yl]pent-2-enoate",NULL,1040,2,NULL,20150317,NULL
91591182,"Cycloheptyl (4S)-4-[[(2S)-3-(3,4-difluorophenyl)-2-[3-[(5-methyl-1,2-oxazole-3-carbonyl)amino]-2-oxopyridin-1-yl]propanoyl]amino]-5-[(3S)-2-oxopyrrolidin-3-yl]pent-2-enoate",NULL,679.700,C35H39F2N5O7,160.000,1320.000,NULL,49,3,10,13,RXSDMHXLCSXVNK-BBANNHEPSA-N,"cycloheptyl (4S)-4-[[(2S)-3-(3,4-difluorophenyl)-2-[3-[(5-methyl-1,2-oxazole-3-carbonyl)amino]-2-oxopyridin-1-yl]propanoyl]amino]-5-[(3S)-2-oxopyrrolidin-3-yl]pent-2-enoate",NULL,1040,2,NULL,20150318,NULL
95147978,"Benzyl N-[(3S)-1-(5-propan-2-yl-1,2-oxazole-3-carbonyl)pyrrolidin-3-yl]carbamate",ZINC65529897,357.400,C19H23N3O4,84.700,493.000,NULL,26,1,5,6,PRUKLNWDRCXNLW-HNNXBMFYSA-N,"benzyl N-[(3S)-1-(5-propan-2-yl-1,2-oxazole-3-carbonyl)pyrrolidin-3-yl]carbamate",NULL,,,NULL,20151211,NULL
95147980,"Benzyl N-[(3R)-1-(5-propan-2-yl-1,2-oxazole-3-carbonyl)pyrrolidin-3-yl]carbamate",ZINC65529901,357.400,C19H23N3O4,84.700,493.000,NULL,26,1,5,6,PRUKLNWDRCXNLW-OAHLLOKOSA-N,"benzyl N-[(3R)-1-(5-propan-2-yl-1,2-oxazole-3-carbonyl)pyrrolidin-3-yl]carbamate",NULL,,,NULL,20151211,NULL
97925580,"Benzyl (3S)-3-[[(5-methyl-1,2-oxazole-3-carbonyl)amino]methyl]piperidine-1-carboxylate",ZINC97609969,357.400,C19H23N3O4,84.700,481.000,NULL,26,1,5,6,KIGJZBYJWFBJTC-INIZCTEOSA-N,"benzyl (3S)-3-[[(5-methyl-1,2-oxazole-3-carbonyl)amino]methyl]piperidine-1-carboxylate",NULL,,,NULL,20151211,NULL
97925581,"Benzyl (3R)-3-[[(5-methyl-1,2-oxazole-3-carbonyl)amino]methyl]piperidine-1-carboxylate",ZINC97609970,357.400,C19H23N3O4,84.700,481.000,NULL,26,1,5,6,KIGJZBYJWFBJTC-MRXNPFEDSA-N,"benzyl (3R)-3-[[(5-methyl-1,2-oxazole-3-carbonyl)amino]methyl]piperidine-1-carboxylate",NULL,,,NULL,20151211,NULL
100984567,"Ethyl (E,4S)-7-amino-4-[[(2S)-3-(4-fluorophenyl)-2-[methyl-[(2S)-3-methyl-2-[(5-methyl-1,2-oxazole-3-carbonyl)amino]butanoyl]amino]propanoyl]amino]-7-oxohept-2-enoate",NULL,587.600,C29H38FN5O7,174.000,970.000,NULL,42,3,9,16,LEWOTMGWXOCNNR-MVHXBRSJSA-N,"ethyl (E,4S)-7-amino-4-[[(2S)-3-(4-fluorophenyl)-2-[methyl-[(2S)-3-methyl-2-[(5-methyl-1,2-oxazole-3-carbonyl)amino]butanoyl]amino]propanoyl]amino]-7-oxohept-2-enoate",NULL,,,NULL,20151215,NULL
101081093,"Ethyl (E,4S)-4-[[(2R,5S)-2-[(4-fluorophenyl)methyl]-6-methyl-5-[(5-methyl-1,2-oxazole-3-carbonyl)amino]-4-oxoheptanoyl]amino]-5-[(3R)-2-oxopyrrolidin-3-yl]pent-2-enoate","(4S)-4-(2-Oxopyrrolidine-3beta-ylmethyl)-4-[[(2R,5S)-1,4-dioxo-2-(4-fluorobenzyl)-5-(5-methylisoxazole-3-ylcarbonylamino)-6-methylheptyl]amino]-2-butenoic acid ethyl ester",598.700,C31H39FN4O7,157.000,1010.000,NULL,43,3,9,16,CAYJBRBGZBCZKO-MOJPIYRCSA-N,"ethyl (E,4S)-4-[[(2R,5S)-2-[(4-fluorophenyl)methyl]-6-methyl-5-[(5-methyl-1,2-oxazole-3-carbonyl)amino]-4-oxoheptanoyl]amino]-5-[(3R)-2-oxopyrrolidin-3-yl]pent-2-enoate",NULL,,,NULL,20151217,NULL
102019607,"Ethyl (E,4S)-4-[[(2S)-3-(4-fluorophenyl)-2-[(2S)-3-methyl-2-[(5-methyl-1,2-oxazole-3-carbonyl)amino]butanoyl]oxypropanoyl]amino]-6-[(3R)-2-oxopyrrolidin-3-yl]hex-2-enoate",(4S)-4-[[(2S)-2-[N-(5-Methyl-3-isoxazolylcarbonyl)-L-valyloxy]-3-(4-fluorophenyl)propionyl]amino]-5-[[(3R)-2-oxopyrrolidine-3alpha-yl]methyl]-2-pentenoic acid ethyl ester,614.700,C31H39FN4O8,166.000,1030.000,NULL,44,3,10,17,LYLWUVIGOLKGNS-FXNVTSQKSA-N,"ethyl (E,4S)-4-[[(2S)-3-(4-fluorophenyl)-2-[(2S)-3-methyl-2-[(5-methyl-1,2-oxazole-3-carbonyl)amino]butanoyl]oxypropanoyl]amino]-6-[(3R)-2-oxopyrrolidin-3-yl]hex-2-enoate",NULL,,,NULL,20151224,NULL
102019608,"Ethyl (E,4S)-4-[[(2S)-3-(4-fluorophenyl)-2-[[(2S)-3-methyl-2-[(5-methyl-1,2-oxazole-3-carbonyl)amino]butanoyl]amino]propanoyl]amino]-6-[(3R)-2-oxopyrrolidin-3-yl]hex-2-enoate",(4S)-4-[[N-(5-Methyl-3-isoxazolylcarbonyl)-L-Val-4-fluoro-L-Phe-]amino]-5-[[(3R)-2-oxopyrrolidine-3alpha-yl]methyl]-2-pentenoic acid ethyl ester,613.700,C31H40FN5O7,169.000,1030.000,NULL,44,4,9,16,RXWOYPUZEVNWNJ-FACAOOLASA-N,"ethyl (E,4S)-4-[[(2S)-3-(4-fluorophenyl)-2-[[(2S)-3-methyl-2-[(5-methyl-1,2-oxazole-3-carbonyl)amino]butanoyl]amino]propanoyl]amino]-6-[(3R)-2-oxopyrrolidin-3-yl]hex-2-enoate",NULL,,,NULL,20151224,NULL
102019610,"Ethyl (E,4S,6R,9S)-6-[(4-fluorophenyl)methyl]-10-methyl-9-[(5-methyl-1,2-oxazole-3-carbonyl)amino]-5,8-dioxo-4-[2-[(3R)-2-oxopyrrolidin-3-yl]ethyl]undec-2-enoate","(4S)-4-[(2R,5S)-2-(4-Fluorobenzyl)-4-oxo-5-(5-methyl-3-isoxazolylcarbonylamino)-6-methylheptanoyl]-5-[[(3R)-2-oxopyrrolidine-3alpha-yl]methyl]-2-pentenoic acid ethyl ester",597.700,C32H40FN3O7,145.000,1010.000,NULL,43,2,9,17,VUIPQZPJQIYEOJ-KYQWPLCFSA-N,"ethyl (E,4S,6R,9S)-6-[(4-fluorophenyl)methyl]-10-methyl-9-[(5-methyl-1,2-oxazole-3-carbonyl)amino]-5,8-dioxo-4-[2-[(3R)-2-oxopyrrolidin-3-yl]ethyl]undec-2-enoate",NULL,,,NULL,20151224,NULL
102021036,"Ethyl (E,4S)-4-[[(2R,5S)-2-[(4-fluorophenyl)methyl]-6-methyl-5-[(5-methyl-1,2-oxazole-3-carbonyl)amino]-4-oxoheptyl]amino]-5-[(3S)-2-oxopyrrolidin-3-yl]pent-2-enoate","(S)-4-[[(2R,5S)-2-(4-Fluorobenzyl)-6-methyl-5-[(5-methylisoxazole-3-yl)carbonylamino]-4-oxoheptyl]amino]-5-[(S)-2-oxo-3-pyrrolidinyl]-2-pentenoic acid ethyl ester",584.700,C31H41FN4O6,140.000,938.000,NULL,42,3,9,17,YERPOLBGEOAQLG-CADGUDEYSA-N,"ethyl (E,4S)-4-[[(2R,5S)-2-[(4-fluorophenyl)methyl]-6-methyl-5-[(5-methyl-1,2-oxazole-3-carbonyl)amino]-4-oxoheptyl]amino]-5-[(3S)-2-oxopyrrolidin-3-yl]pent-2-enoate",NULL,,,NULL,20151224,NULL
102513023,"Benzyl (E,4S)-4-[[(2S)-4-methyl-2-[[(2S)-3-methyl-2-[[(2S)-2-[(5-methyl-1,2-oxazole-3-carbonyl)amino]propanoyl]amino]butanoyl]amino]pentanoyl]amino]-5-[(3R)-2-oxopyrrolidin-3-yl]pent-2-enoate","(2E,4S)-4-[[N-[(5-Methyl-3-isoxazolyl)carbonyl]-L-Ala-L-Val-L-Leu-]amino]-5-[(3R)-2-oxo-3-pyrrolidinyl]-2-pentenoic acid benzyl ester",680.800,C35H48N6O8,198.000,1190.000,NULL,49,5,9,18,IDBWWEGDLCFCTD-QTJRCWRXSA-N,"benzyl (E,4S)-4-[[(2S)-4-methyl-2-[[(2S)-3-methyl-2-[[(2S)-2-[(5-methyl-1,2-oxazole-3-carbonyl)amino]propanoyl]amino]butanoyl]amino]pentanoyl]amino]-5-[(3R)-2-oxopyrrolidin-3-yl]pent-2-enoate",NULL,,,NULL,20151228,NULL
102515539,"Benzyl (3R,4S)-5-[(2R,3S)-2-hydroxypyrrolidin-3-yl]-4-[[(2S)-4-methyl-2-[[(2S)-3-methyl-2-[[(2S)-2-[(5-methyl-1,2-oxazole-3-carbonyl)amino]propanoyl]amino]butanoyl]amino]pentanoyl]amino]-3-sulfanylpentanoate",NULL,716.900,C35H52N6O8S,202.000,1140.000,NULL,50,7,11,19,ZFBJBSRQHSPOKY-FAJPGWTDSA-N,"benzyl (3R,4S)-5-[(2R,3S)-2-hydroxypyrrolidin-3-yl]-4-[[(2S)-4-methyl-2-[[(2S)-3-methyl-2-[[(2S)-2-[(5-methyl-1,2-oxazole-3-carbonyl)amino]propanoyl]amino]butanoyl]amino]pentanoyl]amino]-3-sulfanylpentanoate",NULL,4,1,NULL,20151231,NULL
114274675,"Benzyl (3S)-3-amino-4-[methyl-[(5-methyl-1,2-oxazol-3-yl)methyl]amino]-4-oxobutanoate",NULL,331.400,C17H21N3O4,98.700,426.000,NULL,24,1,6,8,BATXFTWEWGQSOO-HNNXBMFYSA-N,"benzyl (3S)-3-amino-4-[methyl-[(5-methyl-1,2-oxazol-3-yl)methyl]amino]-4-oxobutanoate",NULL,,,NULL,20160128,NULL
117870602,"Benzyl (2S)-3-methoxy-2-[[(2S)-2-[(5-methyl-1,2-oxazole-3-carbonyl)amino]propanoyl]amino]propanoate",SCHEMBL16463198|JONYVYCKHUPALH-BBRMVZONSA-N|(S)-3-methoxy-2-{(S)-2-[(5-methyl-isoxazole-3-carbonyl)-amino]-propionylamino}-propionic acid benzyl ester,389.400,C19H23N3O6,120.000,538.000,NULL,28,2,7,10,JONYVYCKHUPALH-BBRMVZONSA-N,"benzyl (2S)-3-methoxy-2-[[(2S)-2-[(5-methyl-1,2-oxazole-3-carbonyl)amino]propanoyl]amino]propanoate",NULL,1040,2,NULL,20160223,NULL
117870603,"Benzyl 3-methoxy-2-[2-[(5-methyl-1,2-oxazole-3-carbonyl)amino]propanoylamino]propanoate",SCHEMBL16463199,389.400,C19H23N3O6,120.000,538.000,NULL,28,2,7,10,JONYVYCKHUPALH-UHFFFAOYSA-N,"benzyl 3-methoxy-2-[2-[(5-methyl-1,2-oxazole-3-carbonyl)amino]propanoylamino]propanoate",NULL,1040,2,NULL,20160223,NULL
118536602,"[3-(Oxolan-3-ylmethylcarbamoyl)-1,2-oxazol-5-yl]methyl 3-phenylpropanoate",SCHEMBL17288364,358.400,C19H22N2O5,90.700,467.000,NULL,26,1,6,9,LHPIVTAFPNPLSV-UHFFFAOYSA-N,"[3-(oxolan-3-ylmethylcarbamoyl)-1,2-oxazol-5-yl]methyl 3-phenylpropanoate",NULL,1040,2,NULL,20160223,NULL
118608805,"Ethyl 3-[(5-phenyl-1,2-oxazole-3-carbonyl)amino]cyclobutane-1-carboxylate",SCHEMBL17374556|SCHEMBL17374271|SCHEMBL17374269,314.340,C17H18N2O4,81.400,430.000,NULL,23,1,5,6,UNLYVMHTBMSLLH-UHFFFAOYSA-N,"ethyl 3-[(5-phenyl-1,2-oxazole-3-carbonyl)amino]cyclobutane-1-carboxylate",NULL,1040,2,NULL,20160223,NULL
118673114,"Benzyl (2S)-4-methyl-2-[[(2S)-2-[[5-(morpholin-4-ylmethyl)-1,2-oxazole-3-carbonyl]amino]-4-phenylbutanoyl]amino]pentanoate",SCHEMBL17452255,576.700,C32H40N4O6,123.000,839.000,NULL,42,2,8,15,AMFMPBIUUDJFDT-YTMVLYRLSA-N,"benzyl (2S)-4-methyl-2-[[(2S)-2-[[5-(morpholin-4-ylmethyl)-1,2-oxazole-3-carbonyl]amino]-4-phenylbutanoyl]amino]pentanoate",NULL,1040,2,NULL,20160223,NULL
118698632,"Methyl 2-[[5-(phenylmethoxymethyl)-1,2-oxazole-3-carbonyl]amino]propanoate",SCHEMBL17482969,318.320,C16H18N2O5,90.700,398.000,NULL,23,1,6,8,REWBPWLZGCGRRI-UHFFFAOYSA-N,"methyl 2-[[5-(phenylmethoxymethyl)-1,2-oxazole-3-carbonyl]amino]propanoate",NULL,1040,2,NULL,20160223,NULL
118698696,"Methyl 3-[[5-(phenylmethoxymethyl)-1,2-oxazole-3-carbonyl]amino]propanoate",SCHEMBL17483035,318.320,C16H18N2O5,90.700,385.000,NULL,23,1,6,9,NWWPZNFGVWOFSH-UHFFFAOYSA-N,"methyl 3-[[5-(phenylmethoxymethyl)-1,2-oxazole-3-carbonyl]amino]propanoate",NULL,1040,2,NULL,20160223,NULL
118698708,"N-[2-Oxo-2-(oxolan-3-ylmethylamino)ethyl]-5-(phenylmethoxymethyl)-1,2-oxazole-3-carboxamide",SCHEMBL17483047,373.400,C19H23N3O5,103.000,484.000,NULL,27,2,6,9,RAADAVGIGQNOCC-UHFFFAOYSA-N,"N-[2-oxo-2-(oxolan-3-ylmethylamino)ethyl]-5-(phenylmethoxymethyl)-1,2-oxazole-3-carboxamide",NULL,1040,2,NULL,20160223,NULL
126456282,"Ethyl (E,4S)-4-[[(2S,5S)-5-[[4-deuterio-5-(trideuteriomethyl)-1,2-oxazole-3-carbonyl]amino]-2-[(4-fluorophenyl)methyl]-6-methyl-4-oxoheptanoyl]amino]-5-[(3S)-2-oxopyrrolidin-3-yl]pent-2-enoate",Rupintrivir-d4|J-014664,602.700,C31H39FN4O7,157.000,1010.000,NULL,43,3,9,16,CAYJBRBGZBCZKO-ZNQHFLJMSA-N,"ethyl (E,4S)-4-[[(2S,5S)-5-[[4-deuterio-5-(trideuteriomethyl)-1,2-oxazole-3-carbonyl]amino]-2-[(4-fluorophenyl)methyl]-6-methyl-4-oxoheptanoyl]amino]-5-[(3S)-2-oxopyrrolidin-3-yl]pent-2-enoate",NULL,,,NULL,20170411,NULL
126678757,"Ethyl 5-[2-[[5-(3-aminophenyl)-1,2-oxazole-3-carbonyl]amino]ethyl]-1,2-oxazole-3-carboxylate",SCHEMBL18619858,370.400,C18H18N4O5,134.000,520.000,NULL,27,2,8,8,FXZRADJOMLXVOI-UHFFFAOYSA-N,"ethyl 5-[2-[[5-(3-aminophenyl)-1,2-oxazole-3-carbonyl]amino]ethyl]-1,2-oxazole-3-carboxylate",NULL,1040,2,NULL,20170422,NULL
126678768,"Ethyl 5-[2-[(5-phenyl-1,2-oxazole-3-carbonyl)amino]ethyl]-1,2-oxazole-3-carboxylate",SCHEMBL18619872,355.300,C18H17N3O5,108.000,483.000,NULL,26,1,7,8,JJZFTZSNEMBTFR-UHFFFAOYSA-N,"ethyl 5-[2-[(5-phenyl-1,2-oxazole-3-carbonyl)amino]ethyl]-1,2-oxazole-3-carboxylate",NULL,1040,2,NULL,20170422,NULL
127049008,"Ethyl (E,4S)-4-[[(2S,3R)-1-[(2S)-3-methyl-2-[(5-methyl-1,2-oxazole-3-carbonyl)amino]butanoyl]-3-phenylpyrrolidine-2-carbonyl]amino]-5-[(3S)-2-oxopyrrolidin-3-yl]pent-2-enoate",CHEMBL3815126,607.700,C32H41N5O7,160.000,1080.000,NULL,44,3,8,13,RDIZZIQRWFVOSX-SCALXIMVSA-N,"ethyl (E,4S)-4-[[(2S,3R)-1-[(2S)-3-methyl-2-[(5-methyl-1,2-oxazole-3-carbonyl)amino]butanoyl]-3-phenylpyrrolidine-2-carbonyl]amino]-5-[(3S)-2-oxopyrrolidin-3-yl]pent-2-enoate",NULL,98306,3,"1306394,1306395,1306396,1306397,1306398,1306399,1306400,1306401,1306402,1306406",20170606,10.1016/j.bmcl.2016.05.066
127049009,"Ethyl (E,4S)-4-[[(2S,5S)-1-[(2S)-3-methyl-2-[(5-methyl-1,2-oxazole-3-carbonyl)amino]butanoyl]-5-phenylpyrrolidine-2-carbonyl]amino]-5-[(3S)-2-oxopyrrolidin-3-yl]pent-2-enoate",CHEMBL3813781,607.700,C32H41N5O7,160.000,1080.000,NULL,44,3,8,13,SRAVKBAIVXTBKH-HMFOHWCYSA-N,"ethyl (E,4S)-4-[[(2S,5S)-1-[(2S)-3-methyl-2-[(5-methyl-1,2-oxazole-3-carbonyl)amino]butanoyl]-5-phenylpyrrolidine-2-carbonyl]amino]-5-[(3S)-2-oxopyrrolidin-3-yl]pent-2-enoate",NULL,98306,3,"1306394,1306395,1306396",20170606,10.1016/j.bmcl.2016.05.066
127049319,"Ethyl (E,4S)-4-[[(2S,4R)-4-benzyl-1-[(2S)-3-methyl-2-[(5-methyl-1,2-oxazole-3-carbonyl)amino]butanoyl]pyrrolidine-2-carbonyl]amino]-5-[(3S)-2-oxopyrrolidin-3-yl]pent-2-enoate",CHEMBL3813740,621.700,C33H43N5O7,160.000,1090.000,NULL,45,3,8,14,KFHXWTPLVGYQTM-NBLOEBRGSA-N,"ethyl (E,4S)-4-[[(2S,4R)-4-benzyl-1-[(2S)-3-methyl-2-[(5-methyl-1,2-oxazole-3-carbonyl)amino]butanoyl]pyrrolidine-2-carbonyl]amino]-5-[(3S)-2-oxopyrrolidin-3-yl]pent-2-enoate",NULL,98306,3,"1306394,1306395,1306396",20170606,10.1016/j.bmcl.2016.05.066
127050863,"Ethyl (E,4S)-4-[[(2S,4S)-1-[(2S)-3-methyl-2-[(5-methyl-1,2-oxazole-3-carbonyl)amino]butanoyl]-4-phenylpyrrolidine-2-carbonyl]amino]-5-[(3S)-2-oxopyrrolidin-3-yl]pent-2-enoate",CHEMBL3813976,607.700,C32H41N5O7,160.000,1080.000,NULL,44,3,8,13,VCJQXVXLWGUJTC-UTCKAQIRSA-N,"ethyl (E,4S)-4-[[(2S,4S)-1-[(2S)-3-methyl-2-[(5-methyl-1,2-oxazole-3-carbonyl)amino]butanoyl]-4-phenylpyrrolidine-2-carbonyl]amino]-5-[(3S)-2-oxopyrrolidin-3-yl]pent-2-enoate",NULL,98306,3,"1306394,1306395,1306396,1306397,1306398,1306399,1306400,1306401,1306402,1306406",20170606,10.1016/j.bmcl.2016.05.066
127051807,"Benzyl (E,4S)-4-[[(2R,5S)-2-[(4-fluorophenyl)methyl]-6-methyl-5-[(5-methyl-1,2-oxazole-3-carbonyl)amino]-4-oxoheptanoyl]amino]-5-[(3S)-2-oxopyrrolidin-3-yl]pent-2-enoate",CHEMBL3813895,660.700,C36H41FN4O7,157.000,1140.000,NULL,48,3,9,17,AVCVLOCVVOAUFD-ZDUBGRISSA-N,"benzyl (E,4S)-4-[[(2R,5S)-2-[(4-fluorophenyl)methyl]-6-methyl-5-[(5-methyl-1,2-oxazole-3-carbonyl)amino]-4-oxoheptanoyl]amino]-5-[(3S)-2-oxopyrrolidin-3-yl]pent-2-enoate",NULL,98306,3,"1305678,1305679",20170606,10.1016/j.bmcl.2016.05.036
127051808,"Cyclobutyl (E,4S)-4-[[(2R,5S)-2-[(4-fluorophenyl)methyl]-6-methyl-5-[(5-methyl-1,2-oxazole-3-carbonyl)amino]-4-oxoheptanoyl]amino]-5-[(3S)-2-oxopyrrolidin-3-yl]pent-2-enoate",CHEMBL3814341,624.700,C33H41FN4O7,157.000,1090.000,NULL,45,3,9,16,PVSLITXZVHPSDM-LZIMUIKUSA-N,"cyclobutyl (E,4S)-4-[[(2R,5S)-2-[(4-fluorophenyl)methyl]-6-methyl-5-[(5-methyl-1,2-oxazole-3-carbonyl)amino]-4-oxoheptanoyl]amino]-5-[(3S)-2-oxopyrrolidin-3-yl]pent-2-enoate",NULL,98306,3,"1305678,1305679",20170606,10.1016/j.bmcl.2016.05.036
127051809,"N-[(3S,6R)-6-[(4-Fluorophenyl)methyl]-2-methyl-7-[[(1E,2S)-1-(5-methyl-2-oxooxolan-3-ylidene)-3-[(3S)-2-oxopyrrolidin-3-yl]propan-2-yl]amino]-4,7-dioxoheptan-3-yl]-5-methyl-1,2-oxazole-3-carboxamide",CHEMBL3814409,610.700,C32H39FN4O7,157.000,1110.000,NULL,44,3,9,13,LOCODPBHTOJRKZ-PRYZRLKKSA-N,"N-[(3S,6R)-6-[(4-fluorophenyl)methyl]-2-methyl-7-[[(1E,2S)-1-(5-methyl-2-oxooxolan-3-ylidene)-3-[(3S)-2-oxopyrrolidin-3-yl]propan-2-yl]amino]-4,7-dioxoheptan-3-yl]-5-methyl-1,2-oxazole-3-carboxamide",NULL,98306,3,"1305678,1305679",20170606,10.1016/j.bmcl.2016.05.036
127053015,"Ethyl (E,4S)-4-[[(2S,3S)-1-[(2S)-3-methyl-2-[(5-methyl-1,2-oxazole-3-carbonyl)amino]butanoyl]-3-phenylazetidine-2-carbonyl]amino]-5-[(3S)-2-oxopyrrolidin-3-yl]pent-2-enoate",CHEMBL3814175,593.700,C31H39N5O7,160.000,1060.000,NULL,43,3,8,13,VDGWYLZESNRWPH-IBMNWZPWSA-N,"ethyl (E,4S)-4-[[(2S,3S)-1-[(2S)-3-methyl-2-[(5-methyl-1,2-oxazole-3-carbonyl)amino]butanoyl]-3-phenylazetidine-2-carbonyl]amino]-5-[(3S)-2-oxopyrrolidin-3-yl]pent-2-enoate",NULL,98306,3,"1306394,1306395,1306396,1306397,1306398,1306399,1306400,1306401,1306402,1306406",20170606,10.1016/j.bmcl.2016.05.066
129002154,"N-[[(2S,3R)-2-Phenyloxolan-3-yl]methyl]-5-propan-2-yl-1,2-oxazole-3-carboxamide",ZINC328616040,314.400,C18H22N2O3,64.400,396.000,NULL,23,1,4,5,ZSMYUMHIEQEBOV-RHSMWYFYSA-N,"N-[[(2S,3R)-2-phenyloxolan-3-yl]methyl]-5-propan-2-yl-1,2-oxazole-3-carboxamide",NULL,,,NULL,20170619,NULL
129047943,"Benzyl (2S)-4-(tert-butylamino)-2-[(5-methyl-1,2-oxazole-3-carbonyl)amino]-4-oxobutanoate",SCHEMBL18759230,387.400,C20H25N3O5,111.000,555.000,NULL,28,2,6,9,MGQSPUIHGRMTBW-INIZCTEOSA-N,"benzyl (2S)-4-(tert-butylamino)-2-[(5-methyl-1,2-oxazole-3-carbonyl)amino]-4-oxobutanoate",NULL,1024,1,NULL,20170804,NULL
129900301,"Benzyl (2S,3R)-3-[(1S)-1-[[(2S)-4-methyl-2-[[(2S)-3-methyl-2-[[(2S)-2-[(5-methyl-1,2-oxazole-3-carbonyl)amino]propanoyl]amino]butanoyl]amino]pentanoyl]amino]-2-[(3S)-2-oxopyrrolidin-3-yl]ethyl]thiiran-1-ium-2-carboxylate",NULL,713.900,C35H49N6O8S+,237.000,1230.000,NULL,50,6,9,18,RMNWRJVKNDJKNV-YEWJDDQFSA-O,"benzyl (2S,3R)-3-[(1S)-1-[[(2S)-4-methyl-2-[[(2S)-3-methyl-2-[[(2S)-2-[(5-methyl-1,2-oxazole-3-carbonyl)amino]propanoyl]amino]butanoyl]amino]pentanoyl]amino]-2-[(3S)-2-oxopyrrolidin-3-yl]ethyl]thiiran-1-ium-2-carboxylate",NULL,4,1,NULL,20170930,NULL
129900302,"Benzyl (2S,3R)-3-[(1S)-1-[[(2S)-4-methyl-2-[[(2S)-3-methyl-2-[[(2S)-2-[(5-methyl-1,2-oxazole-3-carbonyl)amino]propanoyl]amino]butanoyl]amino]pentanoyl]amino]-2-[(3S)-2-oxopyrrolidin-3-yl]ethyl]thiirane-2-carboxylate",NULL,712.900,C35H48N6O8S,223.000,1230.000,NULL,50,5,10,18,RMNWRJVKNDJKNV-YEWJDDQFSA-N,"benzyl (2S,3R)-3-[(1S)-1-[[(2S)-4-methyl-2-[[(2S)-3-methyl-2-[[(2S)-2-[(5-methyl-1,2-oxazole-3-carbonyl)amino]propanoyl]amino]butanoyl]amino]pentanoyl]amino]-2-[(3S)-2-oxopyrrolidin-3-yl]ethyl]thiirane-2-carboxylate",NULL,,,NULL,20170930,NULL
132031336,"Methyl 3-methyl-2-[[5-(phenylmethoxymethyl)-1,2-oxazole-3-carbonyl]amino]butanoate",SCHEMBL19487751,346.400,C18H22N2O5,90.700,437.000,NULL,25,1,6,9,TYTHZJRBFQRCAA-UHFFFAOYSA-N,"methyl 3-methyl-2-[[5-(phenylmethoxymethyl)-1,2-oxazole-3-carbonyl]amino]butanoate",NULL,1040,2,NULL,20180129,NULL
133878837,"Methyl 6-[(5-phenyl-1,2-oxazole-3-carbonyl)amino]hexanoate",NULL,316.350,C17H20N2O4,81.400,383.000,NULL,23,1,5,9,LKWZGEDGYJZGSD-UHFFFAOYSA-N,"methyl 6-[(5-phenyl-1,2-oxazole-3-carbonyl)amino]hexanoate",NULL,,,NULL,20180525,NULL
134041500,"Methyl 3-[(5-phenyl-1,2-oxazole-3-carbonyl)amino]butanoate",NULL,288.300,C15H16N2O4,81.400,369.000,NULL,21,1,5,6,YSIWHVUPKWOQMA-UHFFFAOYSA-N,"methyl 3-[(5-phenyl-1,2-oxazole-3-carbonyl)amino]butanoate",NULL,,,NULL,20180525,NULL
134693066,"Ethyl (E)-4-[[(2R,5S)-2-[(4-fluorophenyl)methyl]-6-methyl-5-[(5-methyl-1,2-oxazole-3-carbonyl)amino]-4-oxoheptanoyl]amino]-5-(2-oxopyrrolidin-3-yl)pent-2-enoate","BCP28825|223537-30-2|(2E,4S)-4-[[(2R,5S)-2-[(4-Fluorophenyl)methyl]-6-methyl-5-[[(5-methyl-3-isoxazolyl)carbonyl]amino]-1,4-dioxoheptyl]amino]-5-[(3S)-2-oxo-3-pyrrolidinyl]-2-pentenoic a",598.700,C31H39FN4O7,157.000,1010.000,NULL,43,3,9,16,CAYJBRBGZBCZKO-HEMPBFCESA-N,"ethyl (E)-4-[[(2R,5S)-2-[(4-fluorophenyl)methyl]-6-methyl-5-[(5-methyl-1,2-oxazole-3-carbonyl)amino]-4-oxoheptanoyl]amino]-5-(2-oxopyrrolidin-3-yl)pent-2-enoate",NULL,,,NULL,20180809,NULL
135348871,"Ethyl 5-(3-benzamidopropyl)-1,2-oxazole-3-carboxylate",SCHEMBL20524126,302.320,C16H18N2O4,81.400,369.000,NULL,22,1,5,8,YYQJMVIVPIYEHG-UHFFFAOYSA-N,"ethyl 5-(3-benzamidopropyl)-1,2-oxazole-3-carboxylate",NULL,1024,1,NULL,20181215,NULL
137348504,"Ethyl (4R)-4-[[(2S,4S)-1-[(2S)-3-methyl-2-[(5-methyl-1,2-oxazole-3-carbonyl)amino]butanoyl]-4-phenylpyrrolidine-2-carbonyl]amino]-5-[(3S)-2-oxopyrrolidin-3-yl]pentanoate","N-(5-methyl-1,2-oxazole-3-carbonyl)-L-valyl-(4S)-N-{(2R)-5-ethoxy-5-oxo-1-[(3S)-2-oxopyrrolidin-3-yl]pentan-2-yl}-4-phenyl-L-prolinamide",609.700,C32H43N5O7,160.000,1030.000,NULL,44,3,8,14,VXYKULSXGSKGQQ-OSKYGDQXSA-N,"ethyl (4R)-4-[[(2S,4S)-1-[(2S)-3-methyl-2-[(5-methyl-1,2-oxazole-3-carbonyl)amino]butanoyl]-4-phenylpyrrolidine-2-carbonyl]amino]-5-[(3S)-2-oxopyrrolidin-3-yl]pentanoate",NULL,4,1,NULL,20190312,NULL
137349527,"Ethyl (4R)-4-[[(2S,3R)-1-[(2S)-3-methyl-2-[(5-methyl-1,2-oxazole-3-carbonyl)amino]butanoyl]-3-phenylpyrrolidine-2-carbonyl]amino]-5-[(3S)-2-oxopyrrolidin-3-yl]pentanoate","N-(5-methyl-1,2-oxazole-3-carbonyl)-L-valyl-(3R)-N-{(2R)-5-ethoxy-5-oxo-1-[(3S)-2-oxopyrrolidin-3-yl]pentan-2-yl}-3-phenyl-L-prolinamide",609.700,C32H43N5O7,160.000,1030.000,NULL,44,3,8,14,CVLPPZUDRJEOCI-RTOJZCGHSA-N,"ethyl (4R)-4-[[(2S,3R)-1-[(2S)-3-methyl-2-[(5-methyl-1,2-oxazole-3-carbonyl)amino]butanoyl]-3-phenylpyrrolidine-2-carbonyl]amino]-5-[(3S)-2-oxopyrrolidin-3-yl]pentanoate",NULL,4,1,NULL,20190312,NULL
137652659,"Ethyl (E)-4-[[(2R,5S)-2-[(4-fluorophenyl)methyl]-6-methyl-5-[(5-methyl-1,2-oxazole-3-carbonyl)amino]-4-oxoheptanoyl]amino]-5-[(3S)-2-oxopyrrolidin-3-yl]pent-2-enoate",CHEMBL4095387,598.700,C31H39FN4O7,157.000,1010.000,NULL,43,3,9,16,CAYJBRBGZBCZKO-UYNHSHTQSA-N,"ethyl (E)-4-[[(2R,5S)-2-[(4-fluorophenyl)methyl]-6-methyl-5-[(5-methyl-1,2-oxazole-3-carbonyl)amino]-4-oxoheptanoyl]amino]-5-[(3S)-2-oxopyrrolidin-3-yl]pent-2-enoate",NULL,,,NULL,20190408,NULL
140818698,NULL,NULL,374.400,C19H22N2O6,99.900,483.000,NULL,27,1,7,10,CDASQXPRFVVNSF-UHFFFAOYSA-N,"2-phenylmethoxyethyl 3-(oxolan-3-ylmethylcarbamoyl)-1,2-oxazole-5-carboxylate",NULL,,,NULL,20191206,NULL
140818704,NULL,NULL,330.400,C18H22N2O4,73.600,387.000,NULL,24,1,5,8,AQKULHCBJIDYGZ-UHFFFAOYSA-N,"N-(oxolan-3-ylmethyl)-5-(2-phenylmethoxyethyl)-1,2-oxazole-3-carboxamide",NULL,,,NULL,20191206,NULL
141970631,NULL,NULL,599.600,C30H38FN5O7,160.000,1040.000,NULL,43,3,9,14,GHRSIOMZSHMYKS-HKNAYNCUSA-N,"ethyl (E)-4-(5-fluoro-2-methyl-N-[2-[[(2S)-3-methyl-2-[(5-methyl-1,2-oxazole-3-carbonyl)amino]butanoyl]amino]acetyl]anilino)-5-[(3S)-2-oxopyrrolidin-3-yl]pent-2-enoate",NULL,,,NULL,20191206,NULL
141970667,NULL,NULL,608.700,C32H37FN4O7,157.000,1130.000,NULL,44,3,9,13,LCVUJCPXFVOQQK-OJPRGMFISA-N,"N-[(E,3S)-8-(4-fluorophenyl)-2-methyl-4-oxo-6-[[(1E,2S)-1-(2-oxooxolan-3-ylidene)-3-[(3S)-2-oxopyrrolidin-3-yl]propan-2-yl]carbamoyl]oct-7-en-3-yl]-5-methyl-1,2-oxazole-3-carboxamide",NULL,,,NULL,20191206,NULL
142066935,NULL,NULL,577.600,C30H35N5O7,160.000,1070.000,NULL,42,3,8,12,YRDBRDABNZKUGX-RRABGKBLSA-N,"benzyl (E)-4-[[2-[3-[(5-methyl-1,2-oxazole-3-carbonyl)amino]-2-oxopyridin-1-yl]acetyl]amino]-5-(2-oxopyrrolidin-3-yl)pent-2-enoate;ethane",NULL,,,NULL,20191206,NULL
142066936,NULL,NULL,547.600,C28H29N5O7,160.000,1070.000,NULL,40,3,8,12,PWHIIUXVOBFFHT-MDZDMXLPSA-N,"benzyl (E)-4-[[2-[3-[(5-methyl-1,2-oxazole-3-carbonyl)amino]-2-oxopyridin-1-yl]acetyl]amino]-5-(2-oxopyrrolidin-3-yl)pent-2-enoate",NULL,,,NULL,20191206,NULL
142066941,NULL,NULL,653.700,C34H44FN5O7,160.000,1070.000,NULL,47,3,9,8,CQZJYEDXIDBABZ-AKHNGERGSA-N,"ethane;1-fluoro-4-methylbenzene;5-methyl-N-[2-oxo-1-[2-oxo-2-[[(1E)-1-(2-oxooxolan-3-ylidene)-3-(2-oxopyrrolidin-3-yl)propan-2-yl]amino]ethyl]pyridin-3-yl]-1,2-oxazole-3-carboxamide",NULL,,,NULL,20191206,NULL
142066954,NULL,NULL,639.600,C32H35F2N5O7,160.000,1110.000,NULL,46,3,10,11,GEJPHAMUPXURMF-ZXNYFROPSA-N,"cyclobutyl (E,4S)-4-[[2-[3-[(5-methyl-1,2-oxazole-3-carbonyl)amino]-2-oxopyridin-1-yl]acetyl]amino]-5-(2-oxopyrrolidin-3-yl)pent-2-enoate;1,2-difluoro-4-methylbenzene",NULL,,,NULL,20191206,NULL
142066960,NULL,NULL,577.600,C30H35N5O7,160.000,1070.000,NULL,42,3,8,12,YRDBRDABNZKUGX-AZMYENMHSA-N,"benzyl (E,4S)-4-[[2-[3-[(5-methyl-1,2-oxazole-3-carbonyl)amino]-2-oxopyridin-1-yl]acetyl]amino]-5-[(3S)-2-oxopyrrolidin-3-yl]pent-2-enoate;ethane",NULL,,,NULL,20191206,NULL
142066961,NULL,NULL,547.600,C28H29N5O7,160.000,1070.000,NULL,40,3,8,12,PWHIIUXVOBFFHT-XNZYIBKVSA-N,"benzyl (E,4S)-4-[[2-[3-[(5-methyl-1,2-oxazole-3-carbonyl)amino]-2-oxopyridin-1-yl]acetyl]amino]-5-[(3S)-2-oxopyrrolidin-3-yl]pent-2-enoate",NULL,,,NULL,20191206,NULL
142066972,NULL,NULL,581.600,C29H32FN5O7,160.000,991.000,NULL,42,3,9,10,MPRPAXYVYPQKQH-XKAICDOQSA-N,"1-fluoro-4-methylbenzene;methyl (Z,4S)-4-[[2-[3-[(5-methyl-1,2-oxazole-3-carbonyl)amino]-2-oxopyridin-1-yl]acetyl]amino]-5-[(3S)-2-oxopyrrolidin-3-yl]pent-2-enoate",NULL,,,NULL,20191206,NULL
142066988,NULL,NULL,653.700,C33H37F2N5O7,160.000,1130.000,NULL,47,3,10,11,SEZYTCIFOLEINF-YRSSIUHPSA-N,"cyclopentyl (E,4S)-4-[[2-[3-[(5-methyl-1,2-oxazole-3-carbonyl)amino]-2-oxopyridin-1-yl]acetyl]amino]-5-(2-oxopyrrolidin-3-yl)pent-2-enoate;1,2-difluoro-4-methylbenzene",NULL,,,NULL,20191206,NULL
142066993,NULL,NULL,681.700,C35H41F2N5O7,160.000,1160.000,NULL,49,3,10,11,CZYNWPLZLIHBNG-YSBIWDJTSA-N,"cycloheptyl (E,4S)-4-[[2-[3-[(5-methyl-1,2-oxazole-3-carbonyl)amino]-2-oxopyridin-1-yl]acetyl]amino]-5-(2-oxopyrrolidin-3-yl)pent-2-enoate;1,2-difluoro-4-methylbenzene",NULL,,,NULL,20191206,NULL
142066995,NULL,NULL,667.700,C34H39F2N5O7,160.000,1140.000,NULL,48,3,10,11,WAYYTSDQYOWNOL-IERHRMSMSA-N,"cyclohexyl (E,4S)-4-[[2-[3-[(5-methyl-1,2-oxazole-3-carbonyl)amino]-2-oxopyridin-1-yl]acetyl]amino]-5-[(3S)-2-oxopyrrolidin-3-yl]pent-2-enoate;1,2-difluoro-4-methylbenzene",NULL,,,NULL,20191206,NULL
142067001,NULL,NULL,587.600,C31H33N5O7,160.000,1090.000,NULL,43,3,8,12,ZDWGFUFTNQKCRS-FVRIWXDQSA-N,"benzyl (E,4S)-4-[[2-[3-[(5-methyl-1,2-oxazole-3-carbonyl)amino]-2-oxopyridin-1-yl]acetyl]amino]-5-(2-oxopyrrolidin-3-yl)pent-2-enoate;prop-1-yne",NULL,,,NULL,20191206,NULL
142067002,NULL,NULL,547.600,C28H29N5O7,160.000,1070.000,NULL,40,3,8,12,PWHIIUXVOBFFHT-NMYXLMRTSA-N,"benzyl (E,4S)-4-[[2-[3-[(5-methyl-1,2-oxazole-3-carbonyl)amino]-2-oxopyridin-1-yl]acetyl]amino]-5-(2-oxopyrrolidin-3-yl)pent-2-enoate",NULL,,,NULL,20191206,NULL
142067009,NULL,NULL,593.600,C30H32FN5O7,160.000,1070.000,NULL,43,3,9,8,JIMBBGGDZZWCGN-KRWCAOSLSA-N,"1-fluoro-4-methylbenzene;5-methyl-N-[2-oxo-1-[2-oxo-2-[[(1E)-1-(2-oxooxolan-3-ylidene)-3-(2-oxopyrrolidin-3-yl)propan-2-yl]amino]ethyl]pyridin-3-yl]-1,2-oxazole-3-carboxamide",NULL,,,NULL,20191206,NULL
142696594,NULL,NULL,635.700,C33H38FN5O7,183.000,1060.000,NULL,46,4,9,17,UANXZIIUBBFVCE-LKCJYELMSA-N,"benzyl (E,4S)-7-amino-4-[[(2S)-3-(4-fluorophenyl)-2-[[(2S)-3-methyl-2-[(5-methyl-1,2-oxazole-3-carbonyl)amino]butanoyl]amino]propanoyl]amino]-7-oxohept-2-enoate",NULL,,,NULL,20191207,NULL
142696597,NULL,NULL,649.700,C34H40FN5O7,183.000,1080.000,NULL,47,4,9,18,FZICOKPELKXHEJ-NKSFFPPUSA-N,"2-phenylethyl (E,4S)-7-amino-4-[[(2S)-3-(4-fluorophenyl)-2-[[(2S)-3-methyl-2-[(5-methyl-1,2-oxazole-3-carbonyl)amino]butanoyl]amino]propanoyl]amino]-7-oxohept-2-enoate",NULL,,,NULL,20191207,NULL
142696601,NULL,NULL,711.800,C39H42FN5O7,183.000,1200.000,NULL,52,4,9,18,GBAGXGAUEHIIBH-VCWJAJODSA-N,"benzhydryl (E,4S)-7-amino-4-[[(2S)-3-(4-fluorophenyl)-2-[[(2S)-3-methyl-2-[(5-methyl-1,2-oxazole-3-carbonyl)amino]butanoyl]amino]propanoyl]amino]-7-oxohept-2-enoate",NULL,,,NULL,20191207,NULL
142696602,NULL,NULL,667.700,C34H39F2N5O7,183.000,1110.000,NULL,48,4,10,18,GFNMPTCKYNNGPV-NOOBJPGTSA-N,"2-(4-fluorophenyl)ethyl (E,4S)-7-amino-4-[[(2S)-3-(4-fluorophenyl)-2-[[(2S)-3-methyl-2-[(5-methyl-1,2-oxazole-3-carbonyl)amino]butanoyl]amino]propanoyl]amino]-7-oxohept-2-enoate",NULL,,,NULL,20191207,NULL
143215513,NULL,NULL,694.800,C36H50N6O8,198.000,1230.000,NULL,50,5,9,18,WIMJGJGBYQOKGM-LZANOUKQSA-N,"benzyl (E,4S)-4-[[(2S)-2-[[(2R)-2,3-dimethyl-2-[[(2S)-2-[(5-methyl-1,2-oxazole-3-carbonyl)amino]propanoyl]amino]butanoyl]amino]-4-methylpentanoyl]amino]-5-[(3S)-2-oxopyrrolidin-3-yl]pent-2-enoate",NULL,,,NULL,20191207,NULL
143215522,NULL,NULL,680.800,C35H48N6O8,198.000,1190.000,NULL,49,5,9,18,IDBWWEGDLCFCTD-LHDHWOGPSA-N,"benzyl (E,4S)-4-[[4-methyl-2-[[(2S)-3-methyl-2-[[(2S)-2-[(5-methyl-1,2-oxazole-3-carbonyl)amino]propanoyl]amino]butanoyl]amino]pentanoyl]amino]-5-[(3S)-2-oxopyrrolidin-3-yl]pent-2-enoate",NULL,,,NULL,20191207,NULL
143215525,NULL,NULL,569.600,C29H39N5O7,169.000,832.000,NULL,41,4,8,13,QEULJVRSNXYIBM-UHDJGPCESA-N,"benzene;ethyl (E)-4-[[2-[[3-methyl-2-[(5-methyl-1,2-oxazole-3-carbonyl)amino]butanoyl]amino]acetyl]amino]-5-(2-oxopyrrolidin-3-yl)pent-2-enoate",NULL,,,NULL,20191207,NULL
143215532,NULL,NULL,728.900,C38H60N6O8,198.000,934.000,NULL,52,5,9,16,FCMAUYHXZQFXTL-BILRHTGOSA-N,"benzyl (E)-4-[[2-[(2-formamidoacetyl)amino]-4-methylpentanoyl]amino]-5-(2-oxopyrrolidin-3-yl)pent-2-enoate;ethane;5-methyl-N-propan-2-yl-1,2-oxazole-3-carboxamide;propane",NULL,,,NULL,20191207,NULL
143436732,NULL,NULL,601.700,C30H40FN5O7,169.000,879.000,NULL,43,4,9,13,MVPXTHNDHCZYQQ-UHDJGPCESA-N,"ethyl (E)-4-[[2-[[3-methyl-2-[(5-methyl-1,2-oxazole-3-carbonyl)amino]butanoyl]amino]acetyl]amino]-5-(2-oxopyrrolidin-3-yl)pent-2-enoate;1-fluoro-4-methylbenzene",NULL,,,NULL,20191207,NULL
143460456,NULL,NULL,576.700,C30H48N4O7,149.000,634.000,NULL,41,3,8,14,ZEECVIOVTQYBGY-AXEKQOJOSA-N,"N-[(2S)-4-methoxy-1-[[2-[[(3S)-6-methoxy-4-oxohexan-3-yl]amino]-2-oxoethyl]amino]-1-oxobutan-2-yl]-5-methyl-1,2-oxazole-3-carboxamide;2-methylpropane;toluene",NULL,,,NULL,20191207,NULL
145270533,NULL,NULL,385.400,C20H23N3O5,108.000,483.000,NULL,28,1,7,8,OGCMOKSTXGJETG-UHFFFAOYSA-N,"ethane;ethyl 5-[2-[(5-phenyl-1,2-oxazole-3-carbonyl)amino]ethyl]-1,2-oxazole-3-carboxylate",NULL,,,NULL,20191207,NULL
145297173,NULL,NULL,389.400,C20H27N3O5,111.000,433.000,NULL,28,2,6,7,LHCAWEHCWSUKFB-UHFFFAOYSA-N,"benzyl 2-[(5-methyl-1,2-oxazole-3-carbonyl)amino]acetate;N-tert-butylacetamide",NULL,,,NULL,20191207,NULL
145514762,CID 145514762,NULL,401.400,C20H23N3O6,120.000,623.000,NULL,29,2,7,9,AWPWWZYAPYJPNX-CZTOGXCSSA-N,"benzyl (2S)-2-[[2-methoxy-1-[(5-methyl-1,2-oxazole-3-carbonyl)amino]cyclopropanecarbonyl]amino]propanoate",NULL,,,NULL,20191212,NULL
145865291,CID 145865291,NULL,716.900,C35H52N6O8S,202.000,1140.000,NULL,50,7,11,19,ZFBJBSRQHSPOKY-BFVWGAKVSA-N,"benzyl (3S,4S)-5-[(2R,3S)-2-hydroxypyrrolidin-3-yl]-4-[[(2S)-4-methyl-2-[[(2S)-3-methyl-2-[[(2S)-2-[(5-methyl-1,2-oxazole-3-carbonyl)amino]propanoyl]amino]butanoyl]amino]pentanoyl]amino]-3-sulfanylpentanoate",NULL,,,NULL,20200206,NULL
